g,tau_s,L_ticks,rows_used,scoring_rows,post_lag_rows,max_horizon_s,max_post_lag_horizon_s,sse,mse,rms_mps,eligible,candidate_type,failing_rule,ineligible_reason
0.0,0.02,0,51,51,51,0.72,0.72,0.0,0.0,0.0,True,ELIGIBLE,,
0.0,0.04,0,51,51,51,0.72,0.72,0.0,0.0,0.0,True,ELIGIBLE,,
0.0,0.06,0,51,51,51,0.72,0.72,0.0,0.0,0.0,True,ELIGIBLE,,
0.0,0.08,0,51,51,51,0.72,0.72,0.0,0.0,0.0,True,ELIGIBLE,,
0.0,0.1,0,51,51,51,0.72,0.72,0.0,0.0,0.0,True,ELIGIBLE,,
0.0,0.12,0,51,51,51,0.72,0.72,0.0,0.0,0.0,True,ELIGIBLE,,
0.0,0.14,0,51,51,51,0.72,0.72,0.0,0.0,0.0,True,ELIGIBLE,,
0.0,0.16,0,51,51,51,0.72,0.72,0.0,0.0,0.0,True,ELIGIBLE,,
0.0,0.18,0,51,51,51,0.72,0.72,0.0,0.0,0.0,True,ELIGIBLE,,
0.0,0.2,0,51,51,51,0.72,0.72,0.0,0.0,0.0,True,ELIGIBLE,,
0.0,0.22,0,51,51,51,0.72,0.72,0.0,0.0,0.0,True,ELIGIBLE,,
0.0,0.24,0,51,51,51,0.72,0.72,0.0,0.0,0.0,True,ELIGIBLE,,
0.0,0.26,0,51,51,51,0.72,0.72,0.0,0.0,0.0,True,ELIGIBLE,,
0.0,0.28,0,51,51,51,0.72,0.72,0.0,0.0,0.0,True,ELIGIBLE,,
0.0,0.3,0,51,51,51,0.72,0.72,0.0,0.0,0.0,True,ELIGIBLE,,
0.0,0.32,0,51,51,51,0.72,0.72,0.0,0.0,0.0,True,ELIGIBLE,,
0.0,0.34,0,51,51,51,0.72,0.72,0.0,0.0,0.0,True,ELIGIBLE,,
0.0,0.36,0,51,51,51,0.72,0.72,0.0,0.0,0.0,True,ELIGIBLE,,
0.0,0.38,0,51,51,51,0.72,0.72,0.0,0.0,0.0,True,ELIGIBLE,,
0.0,0.4,0,51,51,51,0.72,0.72,0.0,0.0,0.0,True,ELIGIBLE,,
0.0,0.42,0,51,51,51,0.72,0.72,0.0,0.0,0.0,True,ELIGIBLE,,
0.0,0.44,0,51,51,51,0.72,0.72,0.0,0.0,0.0,True,ELIGIBLE,,
0.0,0.46,0,51,51,51,0.72,0.72,0.0,0.0,0.0,True,ELIGIBLE,,
0.0,0.48,0,51,51,51,0.72,0.72,0.0,0.0,0.0,True,ELIGIBLE,,
0.0,0.5,0,51,51,51,0.72,0.72,0.0,0.0,0.0,True,ELIGIBLE,,
0.0,0.52,0,51,51,51,0.72,0.72,0.0,0.0,0.0,True,ELIGIBLE,,
0.0,0.54,0,51,51,51,0.72,0.72,0.0,0.0,0.0,True,ELIGIBLE,,
0.0,0.56,0,51,51,51,0.72,0.72,0.0,0.0,0.0,True,ELIGIBLE,,
0.0,0.58,0,51,51,51,0.72,0.72,0.0,0.0,0.0,True,ELIGIBLE,,
0.0,0.6,0,51,51,51,0.72,0.72,0.0,0.0,0.0,True,ELIGIBLE,,
0.0,0.62,0,51,51,51,0.72,0.72,0.0,0.0,0.0,True,ELIGIBLE,,
0.0,0.64,0,51,51,51,0.72,0.72,0.0,0.0,0.0,True,ELIGIBLE,,
0.0,0.66,0,51,51,51,0.72,0.72,0.0,0.0,0.0,True,ELIGIBLE,,
0.0,0.68,0,51,51,51,0.72,0.72,0.0,0.0,0.0,True,ELIGIBLE,,
0.0,0.7,0,51,51,51,0.72,0.72,0.0,0.0,0.0,True,ELIGIBLE,,
0.0,0.72,0,51,51,51,0.72,0.72,0.0,0.0,0.0,True,ELIGIBLE,,
0.0,0.02,1,51,51,50,0.7000000000000001,0.7000000000000001,0.0,0.0,0.0,True,ELIGIBLE,,
0.0,0.04,1,51,51,50,0.7000000000000001,0.7000000000000001,0.0,0.0,0.0,True,ELIGIBLE,,
0.0,0.06,1,51,51,50,0.7000000000000001,0.7000000000000001,0.0,0.0,0.0,True,ELIGIBLE,,
0.0,0.08,1,51,51,50,0.7000000000000001,0.7000000000000001,0.0,0.0,0.0,True,ELIGIBLE,,
0.0,0.1,1,51,51,50,0.7000000000000001,0.7000000000000001,0.0,0.0,0.0,True,ELIGIBLE,,
0.0,0.12,1,51,51,50,0.7000000000000001,0.7000000000000001,0.0,0.0,0.0,True,ELIGIBLE,,
0.0,0.14,1,51,51,50,0.7000000000000001,0.7000000000000001,0.0,0.0,0.0,True,ELIGIBLE,,
0.0,0.16,1,51,51,50,0.7000000000000001,0.7000000000000001,0.0,0.0,0.0,True,ELIGIBLE,,
0.0,0.18,1,51,51,50,0.7000000000000001,0.7000000000000001,0.0,0.0,0.0,True,ELIGIBLE,,
0.0,0.2,1,51,51,50,0.7000000000000001,0.7000000000000001,0.0,0.0,0.0,True,ELIGIBLE,,
0.0,0.22,1,51,51,50,0.7000000000000001,0.7000000000000001,0.0,0.0,0.0,True,ELIGIBLE,,
0.0,0.24,1,51,51,50,0.7000000000000001,0.7000000000000001,0.0,0.0,0.0,True,ELIGIBLE,,
0.0,0.26,1,51,51,50,0.7000000000000001,0.7000000000000001,0.0,0.0,0.0,True,ELIGIBLE,,
0.0,0.28,1,51,51,50,0.7000000000000001,0.7000000000000001,0.0,0.0,0.0,True,ELIGIBLE,,
0.0,0.3,1,51,51,50,0.7000000000000001,0.7000000000000001,0.0,0.0,0.0,True,ELIGIBLE,,
0.0,0.32,1,51,51,50,0.7000000000000001,0.7000000000000001,0.0,0.0,0.0,True,ELIGIBLE,,
0.0,0.34,1,51,51,50,0.7000000000000001,0.7000000000000001,0.0,0.0,0.0,True,ELIGIBLE,,
0.0,0.36,1,51,51,50,0.7000000000000001,0.7000000000000001,0.0,0.0,0.0,True,ELIGIBLE,,
0.0,0.38,1,51,51,50,0.7000000000000001,0.7000000000000001,0.0,0.0,0.0,True,ELIGIBLE,,
0.0,0.4,1,51,51,50,0.7000000000000001,0.7000000000000001,0.0,0.0,0.0,True,ELIGIBLE,,
0.0,0.42,1,51,51,50,0.7000000000000001,0.7000000000000001,0.0,0.0,0.0,True,ELIGIBLE,,
0.0,0.44,1,51,51,50,0.7000000000000001,0.7000000000000001,0.0,0.0,0.0,True,ELIGIBLE,,
0.0,0.46,1,51,51,50,0.7000000000000001,0.7000000000000001,0.0,0.0,0.0,True,ELIGIBLE,,
0.0,0.48,1,51,51,50,0.7000000000000001,0.7000000000000001,0.0,0.0,0.0,True,ELIGIBLE,,
0.0,0.5,1,51,51,50,0.7000000000000001,0.7000000000000001,0.0,0.0,0.0,True,ELIGIBLE,,
0.0,0.52,1,51,51,50,0.7000000000000001,0.7000000000000001,0.0,0.0,0.0,True,ELIGIBLE,,
0.0,0.54,1,51,51,50,0.7000000000000001,0.7000000000000001,0.0,0.0,0.0,True,ELIGIBLE,,
0.0,0.56,1,51,51,50,0.7000000000000001,0.7000000000000001,0.0,0.0,0.0,True,ELIGIBLE,,
0.0,0.58,1,51,51,50,0.7000000000000001,0.7000000000000001,0.0,0.0,0.0,True,ELIGIBLE,,
0.0,0.6,1,51,51,50,0.7000000000000001,0.7000000000000001,0.0,0.0,0.0,True,ELIGIBLE,,
0.0,0.62,1,51,51,50,0.7000000000000001,0.7000000000000001,0.0,0.0,0.0,True,ELIGIBLE,,
0.0,0.64,1,51,51,50,0.7000000000000001,0.7000000000000001,0.0,0.0,0.0,True,ELIGIBLE,,
0.0,0.66,1,51,51,50,0.7000000000000001,0.7000000000000001,0.0,0.0,0.0,True,ELIGIBLE,,
0.0,0.68,1,51,51,50,0.7000000000000001,0.7000000000000001,0.0,0.0,0.0,True,ELIGIBLE,,
0.0,0.7,1,51,51,50,0.7000000000000001,0.7000000000000001,0.0,0.0,0.0,True,ELIGIBLE,,
0.0,0.02,2,51,51,49,0.68,0.68,0.0,0.0,0.0,True,ELIGIBLE,,
0.0,0.04,2,51,51,49,0.68,0.68,0.0,0.0,0.0,True,ELIGIBLE,,
0.0,0.06,2,51,51,49,0.68,0.68,0.0,0.0,0.0,True,ELIGIBLE,,
0.0,0.08,2,51,51,49,0.68,0.68,0.0,0.0,0.0,True,ELIGIBLE,,
0.0,0.1,2,51,51,49,0.68,0.68,0.0,0.0,0.0,True,ELIGIBLE,,
0.0,0.12,2,51,51,49,0.68,0.68,0.0,0.0,0.0,True,ELIGIBLE,,
0.0,0.14,2,51,51,49,0.68,0.68,0.0,0.0,0.0,True,ELIGIBLE,,
0.0,0.16,2,51,51,49,0.68,0.68,0.0,0.0,0.0,True,ELIGIBLE,,
0.0,0.18,2,51,51,49,0.68,0.68,0.0,0.0,0.0,True,ELIGIBLE,,
0.0,0.2,2,51,51,49,0.68,0.68,0.0,0.0,0.0,True,ELIGIBLE,,
0.0,0.22,2,51,51,49,0.68,0.68,0.0,0.0,0.0,True,ELIGIBLE,,
0.0,0.24,2,51,51,49,0.68,0.68,0.0,0.0,0.0,True,ELIGIBLE,,
0.0,0.26,2,51,51,49,0.68,0.68,0.0,0.0,0.0,True,ELIGIBLE,,
0.0,0.28,2,51,51,49,0.68,0.68,0.0,0.0,0.0,True,ELIGIBLE,,
0.0,0.3,2,51,51,49,0.68,0.68,0.0,0.0,0.0,True,ELIGIBLE,,
0.0,0.32,2,51,51,49,0.68,0.68,0.0,0.0,0.0,True,ELIGIBLE,,
0.0,0.34,2,51,51,49,0.68,0.68,0.0,0.0,0.0,True,ELIGIBLE,,
0.0,0.36,2,51,51,49,0.68,0.68,0.0,0.0,0.0,True,ELIGIBLE,,
0.0,0.38,2,51,51,49,0.68,0.68,0.0,0.0,0.0,True,ELIGIBLE,,
0.0,0.4,2,51,51,49,0.68,0.68,0.0,0.0,0.0,True,ELIGIBLE,,
0.0,0.42,2,51,51,49,0.68,0.68,0.0,0.0,0.0,True,ELIGIBLE,,
0.0,0.44,2,51,51,49,0.68,0.68,0.0,0.0,0.0,True,ELIGIBLE,,
0.0,0.46,2,51,51,49,0.68,0.68,0.0,0.0,0.0,True,ELIGIBLE,,
0.0,0.48,2,51,51,49,0.68,0.68,0.0,0.0,0.0,True,ELIGIBLE,,
0.0,0.5,2,51,51,49,0.68,0.68,0.0,0.0,0.0,True,ELIGIBLE,,
0.0,0.52,2,51,51,49,0.68,0.68,0.0,0.0,0.0,True,ELIGIBLE,,
0.0,0.54,2,51,51,49,0.68,0.68,0.0,0.0,0.0,True,ELIGIBLE,,
0.0,0.56,2,51,51,49,0.68,0.68,0.0,0.0,0.0,True,ELIGIBLE,,
0.0,0.58,2,51,51,49,0.68,0.68,0.0,0.0,0.0,True,ELIGIBLE,,
0.0,0.6,2,51,51,49,0.68,0.68,0.0,0.0,0.0,True,ELIGIBLE,,
0.0,0.62,2,51,51,49,0.68,0.68,0.0,0.0,0.0,True,ELIGIBLE,,
0.0,0.64,2,51,51,49,0.68,0.68,0.0,0.0,0.0,True,ELIGIBLE,,
0.0,0.66,2,51,51,49,0.68,0.68,0.0,0.0,0.0,True,ELIGIBLE,,
0.0,0.68,2,51,51,49,0.68,0.68,0.0,0.0,0.0,True,ELIGIBLE,,
0.0,0.02,3,51,51,48,0.66,0.66,0.0,0.0,0.0,True,ELIGIBLE,,
0.0,0.04,3,51,51,48,0.66,0.66,0.0,0.0,0.0,True,ELIGIBLE,,
0.0,0.06,3,51,51,48,0.66,0.66,0.0,0.0,0.0,True,ELIGIBLE,,
0.0,0.08,3,51,51,48,0.66,0.66,0.0,0.0,0.0,True,ELIGIBLE,,
0.0,0.1,3,51,51,48,0.66,0.66,0.0,0.0,0.0,True,ELIGIBLE,,
0.0,0.12,3,51,51,48,0.66,0.66,0.0,0.0,0.0,True,ELIGIBLE,,
0.0,0.14,3,51,51,48,0.66,0.66,0.0,0.0,0.0,True,ELIGIBLE,,
0.0,0.16,3,51,51,48,0.66,0.66,0.0,0.0,0.0,True,ELIGIBLE,,
0.0,0.18,3,51,51,48,0.66,0.66,0.0,0.0,0.0,True,ELIGIBLE,,
0.0,0.2,3,51,51,48,0.66,0.66,0.0,0.0,0.0,True,ELIGIBLE,,
0.0,0.22,3,51,51,48,0.66,0.66,0.0,0.0,0.0,True,ELIGIBLE,,
0.0,0.24,3,51,51,48,0.66,0.66,0.0,0.0,0.0,True,ELIGIBLE,,
0.0,0.26,3,51,51,48,0.66,0.66,0.0,0.0,0.0,True,ELIGIBLE,,
0.0,0.28,3,51,51,48,0.66,0.66,0.0,0.0,0.0,True,ELIGIBLE,,
0.0,0.3,3,51,51,48,0.66,0.66,0.0,0.0,0.0,True,ELIGIBLE,,
0.0,0.32,3,51,51,48,0.66,0.66,0.0,0.0,0.0,True,ELIGIBLE,,
0.0,0.34,3,51,51,48,0.66,0.66,0.0,0.0,0.0,True,ELIGIBLE,,
0.0,0.36,3,51,51,48,0.66,0.66,0.0,0.0,0.0,True,ELIGIBLE,,
0.0,0.38,3,51,51,48,0.66,0.66,0.0,0.0,0.0,True,ELIGIBLE,,
0.0,0.4,3,51,51,48,0.66,0.66,0.0,0.0,0.0,True,ELIGIBLE,,
0.0,0.42,3,51,51,48,0.66,0.66,0.0,0.0,0.0,True,ELIGIBLE,,
0.0,0.44,3,51,51,48,0.66,0.66,0.0,0.0,0.0,True,ELIGIBLE,,
0.0,0.46,3,51,51,48,0.66,0.66,0.0,0.0,0.0,True,ELIGIBLE,,
0.0,0.48,3,51,51,48,0.66,0.66,0.0,0.0,0.0,True,ELIGIBLE,,
0.0,0.5,3,51,51,48,0.66,0.66,0.0,0.0,0.0,True,ELIGIBLE,,
0.0,0.52,3,51,51,48,0.66,0.66,0.0,0.0,0.0,True,ELIGIBLE,,
0.0,0.54,3,51,51,48,0.66,0.66,0.0,0.0,0.0,True,ELIGIBLE,,
0.0,0.56,3,51,51,48,0.66,0.66,0.0,0.0,0.0,True,ELIGIBLE,,
0.0,0.58,3,51,51,48,0.66,0.66,0.0,0.0,0.0,True,ELIGIBLE,,
0.0,0.6,3,51,51,48,0.66,0.66,0.0,0.0,0.0,True,ELIGIBLE,,
0.0,0.62,3,51,51,48,0.66,0.66,0.0,0.0,0.0,True,ELIGIBLE,,
0.0,0.64,3,51,51,48,0.66,0.66,0.0,0.0,0.0,True,ELIGIBLE,,
0.0,0.66,3,51,51,48,0.66,0.66,0.0,0.0,0.0,True,ELIGIBLE,,
0.0,0.02,4,51,51,47,0.64,0.64,0.0,0.0,0.0,True,ELIGIBLE,,
0.0,0.04,4,51,51,47,0.64,0.64,0.0,0.0,0.0,True,ELIGIBLE,,
0.0,0.06,4,51,51,47,0.64,0.64,0.0,0.0,0.0,True,ELIGIBLE,,
0.0,0.08,4,51,51,47,0.64,0.64,0.0,0.0,0.0,True,ELIGIBLE,,
0.0,0.1,4,51,51,47,0.64,0.64,0.0,0.0,0.0,True,ELIGIBLE,,
0.0,0.12,4,51,51,47,0.64,0.64,0.0,0.0,0.0,True,ELIGIBLE,,
0.0,0.14,4,51,51,47,0.64,0.64,0.0,0.0,0.0,True,ELIGIBLE,,
0.0,0.16,4,51,51,47,0.64,0.64,0.0,0.0,0.0,True,ELIGIBLE,,
0.0,0.18,4,51,51,47,0.64,0.64,0.0,0.0,0.0,True,ELIGIBLE,,
0.0,0.2,4,51,51,47,0.64,0.64,0.0,0.0,0.0,True,ELIGIBLE,,
0.0,0.22,4,51,51,47,0.64,0.64,0.0,0.0,0.0,True,ELIGIBLE,,
0.0,0.24,4,51,51,47,0.64,0.64,0.0,0.0,0.0,True,ELIGIBLE,,
0.0,0.26,4,51,51,47,0.64,0.64,0.0,0.0,0.0,True,ELIGIBLE,,
0.0,0.28,4,51,51,47,0.64,0.64,0.0,0.0,0.0,True,ELIGIBLE,,
0.0,0.3,4,51,51,47,0.64,0.64,0.0,0.0,0.0,True,ELIGIBLE,,
0.0,0.32,4,51,51,47,0.64,0.64,0.0,0.0,0.0,True,ELIGIBLE,,
0.0,0.34,4,51,51,47,0.64,0.64,0.0,0.0,0.0,True,ELIGIBLE,,
0.0,0.36,4,51,51,47,0.64,0.64,0.0,0.0,0.0,True,ELIGIBLE,,
0.0,0.38,4,51,51,47,0.64,0.64,0.0,0.0,0.0,True,ELIGIBLE,,
0.0,0.4,4,51,51,47,0.64,0.64,0.0,0.0,0.0,True,ELIGIBLE,,
0.0,0.42,4,51,51,47,0.64,0.64,0.0,0.0,0.0,True,ELIGIBLE,,
0.0,0.44,4,51,51,47,0.64,0.64,0.0,0.0,0.0,True,ELIGIBLE,,
0.0,0.46,4,51,51,47,0.64,0.64,0.0,0.0,0.0,True,ELIGIBLE,,
0.0,0.48,4,51,51,47,0.64,0.64,0.0,0.0,0.0,True,ELIGIBLE,,
0.0,0.5,4,51,51,47,0.64,0.64,0.0,0.0,0.0,True,ELIGIBLE,,
0.0,0.52,4,51,51,47,0.64,0.64,0.0,0.0,0.0,True,ELIGIBLE,,
0.0,0.54,4,51,51,47,0.64,0.64,0.0,0.0,0.0,True,ELIGIBLE,,
0.0,0.56,4,51,51,47,0.64,0.64,0.0,0.0,0.0,True,ELIGIBLE,,
0.0,0.58,4,51,51,47,0.64,0.64,0.0,0.0,0.0,True,ELIGIBLE,,
0.0,0.6,4,51,51,47,0.64,0.64,0.0,0.0,0.0,True,ELIGIBLE,,
0.0,0.62,4,51,51,47,0.64,0.64,0.0,0.0,0.0,True,ELIGIBLE,,
0.0,0.64,4,51,51,47,0.64,0.64,0.0,0.0,0.0,True,ELIGIBLE,,
0.0,0.02,5,51,51,45,0.62,0.62,0.0,0.0,0.0,True,ELIGIBLE,,
0.0,0.04,5,51,51,45,0.62,0.62,0.0,0.0,0.0,True,ELIGIBLE,,
0.0,0.06,5,51,51,45,0.62,0.62,0.0,0.0,0.0,True,ELIGIBLE,,
0.0,0.08,5,51,51,45,0.62,0.62,0.0,0.0,0.0,True,ELIGIBLE,,
0.0,0.1,5,51,51,45,0.62,0.62,0.0,0.0,0.0,True,ELIGIBLE,,
0.0,0.12,5,51,51,45,0.62,0.62,0.0,0.0,0.0,True,ELIGIBLE,,
0.0,0.14,5,51,51,45,0.62,0.62,0.0,0.0,0.0,True,ELIGIBLE,,
0.0,0.16,5,51,51,45,0.62,0.62,0.0,0.0,0.0,True,ELIGIBLE,,
0.0,0.18,5,51,51,45,0.62,0.62,0.0,0.0,0.0,True,ELIGIBLE,,
0.0,0.2,5,51,51,45,0.62,0.62,0.0,0.0,0.0,True,ELIGIBLE,,
0.0,0.22,5,51,51,45,0.62,0.62,0.0,0.0,0.0,True,ELIGIBLE,,
0.0,0.24,5,51,51,45,0.62,0.62,0.0,0.0,0.0,True,ELIGIBLE,,
0.0,0.26,5,51,51,45,0.62,0.62,0.0,0.0,0.0,True,ELIGIBLE,,
0.0,0.28,5,51,51,45,0.62,0.62,0.0,0.0,0.0,True,ELIGIBLE,,
0.0,0.3,5,51,51,45,0.62,0.62,0.0,0.0,0.0,True,ELIGIBLE,,
0.0,0.32,5,51,51,45,0.62,0.62,0.0,0.0,0.0,True,ELIGIBLE,,
0.0,0.34,5,51,51,45,0.62,0.62,0.0,0.0,0.0,True,ELIGIBLE,,
0.0,0.36,5,51,51,45,0.62,0.62,0.0,0.0,0.0,True,ELIGIBLE,,
0.0,0.38,5,51,51,45,0.62,0.62,0.0,0.0,0.0,True,ELIGIBLE,,
0.0,0.4,5,51,51,45,0.62,0.62,0.0,0.0,0.0,True,ELIGIBLE,,
0.0,0.42,5,51,51,45,0.62,0.62,0.0,0.0,0.0,True,ELIGIBLE,,
0.0,0.44,5,51,51,45,0.62,0.62,0.0,0.0,0.0,True,ELIGIBLE,,
0.0,0.46,5,51,51,45,0.62,0.62,0.0,0.0,0.0,True,ELIGIBLE,,
0.0,0.48,5,51,51,45,0.62,0.62,0.0,0.0,0.0,True,ELIGIBLE,,
0.0,0.5,5,51,51,45,0.62,0.62,0.0,0.0,0.0,True,ELIGIBLE,,
0.0,0.52,5,51,51,45,0.62,0.62,0.0,0.0,0.0,True,ELIGIBLE,,
0.0,0.54,5,51,51,45,0.62,0.62,0.0,0.0,0.0,True,ELIGIBLE,,
0.0,0.56,5,51,51,45,0.62,0.62,0.0,0.0,0.0,True,ELIGIBLE,,
0.0,0.58,5,51,51,45,0.62,0.62,0.0,0.0,0.0,True,ELIGIBLE,,
0.0,0.6,5,51,51,45,0.62,0.62,0.0,0.0,0.0,True,ELIGIBLE,,
0.0,0.62,5,51,51,45,0.62,0.62,0.0,0.0,0.0,True,ELIGIBLE,,
0.0,0.02,6,51,51,43,0.6,0.6,0.0,0.0,0.0,True,ELIGIBLE,,
0.0,0.04,6,51,51,43,0.6,0.6,0.0,0.0,0.0,True,ELIGIBLE,,
0.0,0.06,6,51,51,43,0.6,0.6,0.0,0.0,0.0,True,ELIGIBLE,,
0.0,0.08,6,51,51,43,0.6,0.6,0.0,0.0,0.0,True,ELIGIBLE,,
0.0,0.1,6,51,51,43,0.6,0.6,0.0,0.0,0.0,True,ELIGIBLE,,
0.0,0.12,6,51,51,43,0.6,0.6,0.0,0.0,0.0,True,ELIGIBLE,,
0.0,0.14,6,51,51,43,0.6,0.6,0.0,0.0,0.0,True,ELIGIBLE,,
0.0,0.16,6,51,51,43,0.6,0.6,0.0,0.0,0.0,True,ELIGIBLE,,
0.0,0.18,6,51,51,43,0.6,0.6,0.0,0.0,0.0,True,ELIGIBLE,,
0.0,0.2,6,51,51,43,0.6,0.6,0.0,0.0,0.0,True,ELIGIBLE,,
0.0,0.22,6,51,51,43,0.6,0.6,0.0,0.0,0.0,True,ELIGIBLE,,
0.0,0.24,6,51,51,43,0.6,0.6,0.0,0.0,0.0,True,ELIGIBLE,,
0.0,0.26,6,51,51,43,0.6,0.6,0.0,0.0,0.0,True,ELIGIBLE,,
0.0,0.28,6,51,51,43,0.6,0.6,0.0,0.0,0.0,True,ELIGIBLE,,
0.0,0.3,6,51,51,43,0.6,0.6,0.0,0.0,0.0,True,ELIGIBLE,,
0.0,0.32,6,51,51,43,0.6,0.6,0.0,0.0,0.0,True,ELIGIBLE,,
0.0,0.34,6,51,51,43,0.6,0.6,0.0,0.0,0.0,True,ELIGIBLE,,
0.0,0.36,6,51,51,43,0.6,0.6,0.0,0.0,0.0,True,ELIGIBLE,,
0.0,0.38,6,51,51,43,0.6,0.6,0.0,0.0,0.0,True,ELIGIBLE,,
0.0,0.4,6,51,51,43,0.6,0.6,0.0,0.0,0.0,True,ELIGIBLE,,
0.0,0.42,6,51,51,43,0.6,0.6,0.0,0.0,0.0,True,ELIGIBLE,,
0.0,0.44,6,51,51,43,0.6,0.6,0.0,0.0,0.0,True,ELIGIBLE,,
0.0,0.46,6,51,51,43,0.6,0.6,0.0,0.0,0.0,True,ELIGIBLE,,
0.0,0.48,6,51,51,43,0.6,0.6,0.0,0.0,0.0,True,ELIGIBLE,,
0.0,0.5,6,51,51,43,0.6,0.6,0.0,0.0,0.0,True,ELIGIBLE,,
0.0,0.52,6,51,51,43,0.6,0.6,0.0,0.0,0.0,True,ELIGIBLE,,
0.0,0.54,6,51,51,43,0.6,0.6,0.0,0.0,0.0,True,ELIGIBLE,,
0.0,0.56,6,51,51,43,0.6,0.6,0.0,0.0,0.0,True,ELIGIBLE,,
0.0,0.58,6,51,51,43,0.6,0.6,0.0,0.0,0.0,True,ELIGIBLE,,
0.0,0.6,6,51,51,43,0.6,0.6,0.0,0.0,0.0,True,ELIGIBLE,,
0.0,0.02,7,51,51,41,0.58,0.58,0.0,0.0,0.0,True,ELIGIBLE,,
0.0,0.04,7,51,51,41,0.58,0.58,0.0,0.0,0.0,True,ELIGIBLE,,
0.0,0.06,7,51,51,41,0.58,0.58,0.0,0.0,0.0,True,ELIGIBLE,,
0.0,0.08,7,51,51,41,0.58,0.58,0.0,0.0,0.0,True,ELIGIBLE,,
0.0,0.1,7,51,51,41,0.58,0.58,0.0,0.0,0.0,True,ELIGIBLE,,
0.0,0.12,7,51,51,41,0.58,0.58,0.0,0.0,0.0,True,ELIGIBLE,,
0.0,0.14,7,51,51,41,0.58,0.58,0.0,0.0,0.0,True,ELIGIBLE,,
0.0,0.16,7,51,51,41,0.58,0.58,0.0,0.0,0.0,True,ELIGIBLE,,
0.0,0.18,7,51,51,41,0.58,0.58,0.0,0.0,0.0,True,ELIGIBLE,,
0.0,0.2,7,51,51,41,0.58,0.58,0.0,0.0,0.0,True,ELIGIBLE,,
0.0,0.22,7,51,51,41,0.58,0.58,0.0,0.0,0.0,True,ELIGIBLE,,
0.0,0.24,7,51,51,41,0.58,0.58,0.0,0.0,0.0,True,ELIGIBLE,,
0.0,0.26,7,51,51,41,0.58,0.58,0.0,0.0,0.0,True,ELIGIBLE,,
0.0,0.28,7,51,51,41,0.58,0.58,0.0,0.0,0.0,True,ELIGIBLE,,
0.0,0.3,7,51,51,41,0.58,0.58,0.0,0.0,0.0,True,ELIGIBLE,,
0.0,0.32,7,51,51,41,0.58,0.58,0.0,0.0,0.0,True,ELIGIBLE,,
0.0,0.34,7,51,51,41,0.58,0.58,0.0,0.0,0.0,True,ELIGIBLE,,
0.0,0.36,7,51,51,41,0.58,0.58,0.0,0.0,0.0,True,ELIGIBLE,,
0.0,0.38,7,51,51,41,0.58,0.58,0.0,0.0,0.0,True,ELIGIBLE,,
0.0,0.4,7,51,51,41,0.58,0.58,0.0,0.0,0.0,True,ELIGIBLE,,
0.0,0.42,7,51,51,41,0.58,0.58,0.0,0.0,0.0,True,ELIGIBLE,,
0.0,0.44,7,51,51,41,0.58,0.58,0.0,0.0,0.0,True,ELIGIBLE,,
0.0,0.46,7,51,51,41,0.58,0.58,0.0,0.0,0.0,True,ELIGIBLE,,
0.0,0.48,7,51,51,41,0.58,0.58,0.0,0.0,0.0,True,ELIGIBLE,,
0.0,0.5,7,51,51,41,0.58,0.58,0.0,0.0,0.0,True,ELIGIBLE,,
0.0,0.52,7,51,51,41,0.58,0.58,0.0,0.0,0.0,True,ELIGIBLE,,
0.0,0.54,7,51,51,41,0.58,0.58,0.0,0.0,0.0,True,ELIGIBLE,,
0.0,0.56,7,51,51,41,0.58,0.58,0.0,0.0,0.0,True,ELIGIBLE,,
0.0,0.58,7,51,51,41,0.58,0.58,0.0,0.0,0.0,True,ELIGIBLE,,
0.0,0.02,8,51,51,39,0.56,0.56,0.0,0.0,0.0,True,ELIGIBLE,,
0.0,0.04,8,51,51,39,0.56,0.56,0.0,0.0,0.0,True,ELIGIBLE,,
0.0,0.06,8,51,51,39,0.56,0.56,0.0,0.0,0.0,True,ELIGIBLE,,
0.0,0.08,8,51,51,39,0.56,0.56,0.0,0.0,0.0,True,ELIGIBLE,,
0.0,0.1,8,51,51,39,0.56,0.56,0.0,0.0,0.0,True,ELIGIBLE,,
0.0,0.12,8,51,51,39,0.56,0.56,0.0,0.0,0.0,True,ELIGIBLE,,
0.0,0.14,8,51,51,39,0.56,0.56,0.0,0.0,0.0,True,ELIGIBLE,,
0.0,0.16,8,51,51,39,0.56,0.56,0.0,0.0,0.0,True,ELIGIBLE,,
0.0,0.18,8,51,51,39,0.56,0.56,0.0,0.0,0.0,True,ELIGIBLE,,
0.0,0.2,8,51,51,39,0.56,0.56,0.0,0.0,0.0,True,ELIGIBLE,,
0.0,0.22,8,51,51,39,0.56,0.56,0.0,0.0,0.0,True,ELIGIBLE,,
0.0,0.24,8,51,51,39,0.56,0.56,0.0,0.0,0.0,True,ELIGIBLE,,
0.0,0.26,8,51,51,39,0.56,0.56,0.0,0.0,0.0,True,ELIGIBLE,,
0.0,0.28,8,51,51,39,0.56,0.56,0.0,0.0,0.0,True,ELIGIBLE,,
0.0,0.3,8,51,51,39,0.56,0.56,0.0,0.0,0.0,True,ELIGIBLE,,
0.0,0.32,8,51,51,39,0.56,0.56,0.0,0.0,0.0,True,ELIGIBLE,,
0.0,0.34,8,51,51,39,0.56,0.56,0.0,0.0,0.0,True,ELIGIBLE,,
0.0,0.36,8,51,51,39,0.56,0.56,0.0,0.0,0.0,True,ELIGIBLE,,
0.0,0.38,8,51,51,39,0.56,0.56,0.0,0.0,0.0,True,ELIGIBLE,,
0.0,0.4,8,51,51,39,0.56,0.56,0.0,0.0,0.0,True,ELIGIBLE,,
0.0,0.42,8,51,51,39,0.56,0.56,0.0,0.0,0.0,True,ELIGIBLE,,
0.0,0.44,8,51,51,39,0.56,0.56,0.0,0.0,0.0,True,ELIGIBLE,,
0.0,0.46,8,51,51,39,0.56,0.56,0.0,0.0,0.0,True,ELIGIBLE,,
0.0,0.48,8,51,51,39,0.56,0.56,0.0,0.0,0.0,True,ELIGIBLE,,
0.0,0.5,8,51,51,39,0.56,0.56,0.0,0.0,0.0,True,ELIGIBLE,,
0.0,0.52,8,51,51,39,0.56,0.56,0.0,0.0,0.0,True,ELIGIBLE,,
0.0,0.54,8,51,51,39,0.56,0.56,0.0,0.0,0.0,True,ELIGIBLE,,
0.0,0.56,8,51,51,39,0.56,0.56,0.0,0.0,0.0,True,ELIGIBLE,,
0.0,0.02,9,51,51,37,0.54,0.54,0.0,0.0,0.0,True,ELIGIBLE,,
0.0,0.04,9,51,51,37,0.54,0.54,0.0,0.0,0.0,True,ELIGIBLE,,
0.0,0.06,9,51,51,37,0.54,0.54,0.0,0.0,0.0,True,ELIGIBLE,,
0.0,0.08,9,51,51,37,0.54,0.54,0.0,0.0,0.0,True,ELIGIBLE,,
0.0,0.1,9,51,51,37,0.54,0.54,0.0,0.0,0.0,True,ELIGIBLE,,
0.0,0.12,9,51,51,37,0.54,0.54,0.0,0.0,0.0,True,ELIGIBLE,,
0.0,0.14,9,51,51,37,0.54,0.54,0.0,0.0,0.0,True,ELIGIBLE,,
0.0,0.16,9,51,51,37,0.54,0.54,0.0,0.0,0.0,True,ELIGIBLE,,
0.0,0.18,9,51,51,37,0.54,0.54,0.0,0.0,0.0,True,ELIGIBLE,,
0.0,0.2,9,51,51,37,0.54,0.54,0.0,0.0,0.0,True,ELIGIBLE,,
0.0,0.22,9,51,51,37,0.54,0.54,0.0,0.0,0.0,True,ELIGIBLE,,
0.0,0.24,9,51,51,37,0.54,0.54,0.0,0.0,0.0,True,ELIGIBLE,,
0.0,0.26,9,51,51,37,0.54,0.54,0.0,0.0,0.0,True,ELIGIBLE,,
0.0,0.28,9,51,51,37,0.54,0.54,0.0,0.0,0.0,True,ELIGIBLE,,
0.0,0.3,9,51,51,37,0.54,0.54,0.0,0.0,0.0,True,ELIGIBLE,,
0.0,0.32,9,51,51,37,0.54,0.54,0.0,0.0,0.0,True,ELIGIBLE,,
0.0,0.34,9,51,51,37,0.54,0.54,0.0,0.0,0.0,True,ELIGIBLE,,
0.0,0.36,9,51,51,37,0.54,0.54,0.0,0.0,0.0,True,ELIGIBLE,,
0.0,0.38,9,51,51,37,0.54,0.54,0.0,0.0,0.0,True,ELIGIBLE,,
0.0,0.4,9,51,51,37,0.54,0.54,0.0,0.0,0.0,True,ELIGIBLE,,
0.0,0.42,9,51,51,37,0.54,0.54,0.0,0.0,0.0,True,ELIGIBLE,,
0.0,0.44,9,51,51,37,0.54,0.54,0.0,0.0,0.0,True,ELIGIBLE,,
0.0,0.46,9,51,51,37,0.54,0.54,0.0,0.0,0.0,True,ELIGIBLE,,
0.0,0.48,9,51,51,37,0.54,0.54,0.0,0.0,0.0,True,ELIGIBLE,,
0.0,0.5,9,51,51,37,0.54,0.54,0.0,0.0,0.0,True,ELIGIBLE,,
0.0,0.52,9,51,51,37,0.54,0.54,0.0,0.0,0.0,True,ELIGIBLE,,
0.0,0.54,9,51,51,37,0.54,0.54,0.0,0.0,0.0,True,ELIGIBLE,,
0.0,0.02,10,51,51,35,0.52,0.52,0.0,0.0,0.0,True,ELIGIBLE,,
0.0,0.04,10,51,51,35,0.52,0.52,0.0,0.0,0.0,True,ELIGIBLE,,
0.0,0.06,10,51,51,35,0.52,0.52,0.0,0.0,0.0,True,ELIGIBLE,,
0.0,0.08,10,51,51,35,0.52,0.52,0.0,0.0,0.0,True,ELIGIBLE,,
0.0,0.1,10,51,51,35,0.52,0.52,0.0,0.0,0.0,True,ELIGIBLE,,
0.0,0.12,10,51,51,35,0.52,0.52,0.0,0.0,0.0,True,ELIGIBLE,,
0.0,0.14,10,51,51,35,0.52,0.52,0.0,0.0,0.0,True,ELIGIBLE,,
0.0,0.16,10,51,51,35,0.52,0.52,0.0,0.0,0.0,True,ELIGIBLE,,
0.0,0.18,10,51,51,35,0.52,0.52,0.0,0.0,0.0,True,ELIGIBLE,,
0.0,0.2,10,51,51,35,0.52,0.52,0.0,0.0,0.0,True,ELIGIBLE,,
0.0,0.22,10,51,51,35,0.52,0.52,0.0,0.0,0.0,True,ELIGIBLE,,
0.0,0.24,10,51,51,35,0.52,0.52,0.0,0.0,0.0,True,ELIGIBLE,,
0.0,0.26,10,51,51,35,0.52,0.52,0.0,0.0,0.0,True,ELIGIBLE,,
0.0,0.28,10,51,51,35,0.52,0.52,0.0,0.0,0.0,True,ELIGIBLE,,
0.0,0.3,10,51,51,35,0.52,0.52,0.0,0.0,0.0,True,ELIGIBLE,,
0.0,0.32,10,51,51,35,0.52,0.52,0.0,0.0,0.0,True,ELIGIBLE,,
0.0,0.34,10,51,51,35,0.52,0.52,0.0,0.0,0.0,True,ELIGIBLE,,
0.0,0.36,10,51,51,35,0.52,0.52,0.0,0.0,0.0,True,ELIGIBLE,,
0.0,0.38,10,51,51,35,0.52,0.52,0.0,0.0,0.0,True,ELIGIBLE,,
0.0,0.4,10,51,51,35,0.52,0.52,0.0,0.0,0.0,True,ELIGIBLE,,
0.0,0.42,10,51,51,35,0.52,0.52,0.0,0.0,0.0,True,ELIGIBLE,,
0.0,0.44,10,51,51,35,0.52,0.52,0.0,0.0,0.0,True,ELIGIBLE,,
0.0,0.46,10,51,51,35,0.52,0.52,0.0,0.0,0.0,True,ELIGIBLE,,
0.0,0.48,10,51,51,35,0.52,0.52,0.0,0.0,0.0,True,ELIGIBLE,,
0.0,0.5,10,51,51,35,0.52,0.52,0.0,0.0,0.0,True,ELIGIBLE,,
0.0,0.52,10,51,51,35,0.52,0.52,0.0,0.0,0.0,True,ELIGIBLE,,
0.0,0.02,11,51,51,33,0.5,0.5,0.0,0.0,0.0,True,ELIGIBLE,,
0.0,0.04,11,51,51,33,0.5,0.5,0.0,0.0,0.0,True,ELIGIBLE,,
0.0,0.06,11,51,51,33,0.5,0.5,0.0,0.0,0.0,True,ELIGIBLE,,
0.0,0.08,11,51,51,33,0.5,0.5,0.0,0.0,0.0,True,ELIGIBLE,,
0.0,0.1,11,51,51,33,0.5,0.5,0.0,0.0,0.0,True,ELIGIBLE,,
0.0,0.12,11,51,51,33,0.5,0.5,0.0,0.0,0.0,True,ELIGIBLE,,
0.0,0.14,11,51,51,33,0.5,0.5,0.0,0.0,0.0,True,ELIGIBLE,,
0.0,0.16,11,51,51,33,0.5,0.5,0.0,0.0,0.0,True,ELIGIBLE,,
0.0,0.18,11,51,51,33,0.5,0.5,0.0,0.0,0.0,True,ELIGIBLE,,
0.0,0.2,11,51,51,33,0.5,0.5,0.0,0.0,0.0,True,ELIGIBLE,,
0.0,0.22,11,51,51,33,0.5,0.5,0.0,0.0,0.0,True,ELIGIBLE,,
0.0,0.24,11,51,51,33,0.5,0.5,0.0,0.0,0.0,True,ELIGIBLE,,
0.0,0.26,11,51,51,33,0.5,0.5,0.0,0.0,0.0,True,ELIGIBLE,,
0.0,0.28,11,51,51,33,0.5,0.5,0.0,0.0,0.0,True,ELIGIBLE,,
0.0,0.3,11,51,51,33,0.5,0.5,0.0,0.0,0.0,True,ELIGIBLE,,
0.0,0.32,11,51,51,33,0.5,0.5,0.0,0.0,0.0,True,ELIGIBLE,,
0.0,0.34,11,51,51,33,0.5,0.5,0.0,0.0,0.0,True,ELIGIBLE,,
0.0,0.36,11,51,51,33,0.5,0.5,0.0,0.0,0.0,True,ELIGIBLE,,
0.0,0.38,11,51,51,33,0.5,0.5,0.0,0.0,0.0,True,ELIGIBLE,,
0.0,0.4,11,51,51,33,0.5,0.5,0.0,0.0,0.0,True,ELIGIBLE,,
0.0,0.42,11,51,51,33,0.5,0.5,0.0,0.0,0.0,True,ELIGIBLE,,
0.0,0.44,11,51,51,33,0.5,0.5,0.0,0.0,0.0,True,ELIGIBLE,,
0.0,0.46,11,51,51,33,0.5,0.5,0.0,0.0,0.0,True,ELIGIBLE,,
0.0,0.48,11,51,51,33,0.5,0.5,0.0,0.0,0.0,True,ELIGIBLE,,
0.0,0.5,11,51,51,33,0.5,0.5,0.0,0.0,0.0,True,ELIGIBLE,,
0.0,0.02,12,51,51,31,0.48,0.48,0.0,0.0,0.0,True,ELIGIBLE,,
0.0,0.04,12,51,51,31,0.48,0.48,0.0,0.0,0.0,True,ELIGIBLE,,
0.0,0.06,12,51,51,31,0.48,0.48,0.0,0.0,0.0,True,ELIGIBLE,,
0.0,0.08,12,51,51,31,0.48,0.48,0.0,0.0,0.0,True,ELIGIBLE,,
0.0,0.1,12,51,51,31,0.48,0.48,0.0,0.0,0.0,True,ELIGIBLE,,
0.0,0.12,12,51,51,31,0.48,0.48,0.0,0.0,0.0,True,ELIGIBLE,,
0.0,0.14,12,51,51,31,0.48,0.48,0.0,0.0,0.0,True,ELIGIBLE,,
0.0,0.16,12,51,51,31,0.48,0.48,0.0,0.0,0.0,True,ELIGIBLE,,
0.0,0.18,12,51,51,31,0.48,0.48,0.0,0.0,0.0,True,ELIGIBLE,,
0.0,0.2,12,51,51,31,0.48,0.48,0.0,0.0,0.0,True,ELIGIBLE,,
0.0,0.22,12,51,51,31,0.48,0.48,0.0,0.0,0.0,True,ELIGIBLE,,
0.0,0.24,12,51,51,31,0.48,0.48,0.0,0.0,0.0,True,ELIGIBLE,,
0.0,0.26,12,51,51,31,0.48,0.48,0.0,0.0,0.0,True,ELIGIBLE,,
0.0,0.28,12,51,51,31,0.48,0.48,0.0,0.0,0.0,True,ELIGIBLE,,
0.0,0.3,12,51,51,31,0.48,0.48,0.0,0.0,0.0,True,ELIGIBLE,,
0.0,0.32,12,51,51,31,0.48,0.48,0.0,0.0,0.0,True,ELIGIBLE,,
0.0,0.34,12,51,51,31,0.48,0.48,0.0,0.0,0.0,True,ELIGIBLE,,
0.0,0.36,12,51,51,31,0.48,0.48,0.0,0.0,0.0,True,ELIGIBLE,,
0.0,0.38,12,51,51,31,0.48,0.48,0.0,0.0,0.0,True,ELIGIBLE,,
0.0,0.4,12,51,51,31,0.48,0.48,0.0,0.0,0.0,True,ELIGIBLE,,
0.0,0.42,12,51,51,31,0.48,0.48,0.0,0.0,0.0,True,ELIGIBLE,,
0.0,0.44,12,51,51,31,0.48,0.48,0.0,0.0,0.0,True,ELIGIBLE,,
0.0,0.46,12,51,51,31,0.48,0.48,0.0,0.0,0.0,True,ELIGIBLE,,
0.0,0.48,12,51,51,31,0.48,0.48,0.0,0.0,0.0,True,ELIGIBLE,,
0.0,0.02,13,51,51,29,0.46,0.46,0.0,0.0,0.0,True,ELIGIBLE,,
0.0,0.04,13,51,51,29,0.46,0.46,0.0,0.0,0.0,True,ELIGIBLE,,
0.0,0.06,13,51,51,29,0.46,0.46,0.0,0.0,0.0,True,ELIGIBLE,,
0.0,0.08,13,51,51,29,0.46,0.46,0.0,0.0,0.0,True,ELIGIBLE,,
0.0,0.1,13,51,51,29,0.46,0.46,0.0,0.0,0.0,True,ELIGIBLE,,
0.0,0.12,13,51,51,29,0.46,0.46,0.0,0.0,0.0,True,ELIGIBLE,,
0.0,0.14,13,51,51,29,0.46,0.46,0.0,0.0,0.0,True,ELIGIBLE,,
0.0,0.16,13,51,51,29,0.46,0.46,0.0,0.0,0.0,True,ELIGIBLE,,
0.0,0.18,13,51,51,29,0.46,0.46,0.0,0.0,0.0,True,ELIGIBLE,,
0.0,0.2,13,51,51,29,0.46,0.46,0.0,0.0,0.0,True,ELIGIBLE,,
0.0,0.22,13,51,51,29,0.46,0.46,0.0,0.0,0.0,True,ELIGIBLE,,
0.0,0.24,13,51,51,29,0.46,0.46,0.0,0.0,0.0,True,ELIGIBLE,,
0.0,0.26,13,51,51,29,0.46,0.46,0.0,0.0,0.0,True,ELIGIBLE,,
0.0,0.28,13,51,51,29,0.46,0.46,0.0,0.0,0.0,True,ELIGIBLE,,
0.0,0.3,13,51,51,29,0.46,0.46,0.0,0.0,0.0,True,ELIGIBLE,,
0.0,0.32,13,51,51,29,0.46,0.46,0.0,0.0,0.0,True,ELIGIBLE,,
0.0,0.34,13,51,51,29,0.46,0.46,0.0,0.0,0.0,True,ELIGIBLE,,
0.0,0.36,13,51,51,29,0.46,0.46,0.0,0.0,0.0,True,ELIGIBLE,,
0.0,0.38,13,51,51,29,0.46,0.46,0.0,0.0,0.0,True,ELIGIBLE,,
0.0,0.4,13,51,51,29,0.46,0.46,0.0,0.0,0.0,True,ELIGIBLE,,
0.0,0.42,13,51,51,29,0.46,0.46,0.0,0.0,0.0,True,ELIGIBLE,,
0.0,0.44,13,51,51,29,0.46,0.46,0.0,0.0,0.0,True,ELIGIBLE,,
0.0,0.46,13,51,51,29,0.46,0.46,0.0,0.0,0.0,True,ELIGIBLE,,
0.0,0.02,14,51,51,27,0.44,0.44,0.0,0.0,0.0,True,ELIGIBLE,,
0.0,0.04,14,51,51,27,0.44,0.44,0.0,0.0,0.0,True,ELIGIBLE,,
0.0,0.06,14,51,51,27,0.44,0.44,0.0,0.0,0.0,True,ELIGIBLE,,
0.0,0.08,14,51,51,27,0.44,0.44,0.0,0.0,0.0,True,ELIGIBLE,,
0.0,0.1,14,51,51,27,0.44,0.44,0.0,0.0,0.0,True,ELIGIBLE,,
0.0,0.12,14,51,51,27,0.44,0.44,0.0,0.0,0.0,True,ELIGIBLE,,
0.0,0.14,14,51,51,27,0.44,0.44,0.0,0.0,0.0,True,ELIGIBLE,,
0.0,0.16,14,51,51,27,0.44,0.44,0.0,0.0,0.0,True,ELIGIBLE,,
0.0,0.18,14,51,51,27,0.44,0.44,0.0,0.0,0.0,True,ELIGIBLE,,
0.0,0.2,14,51,51,27,0.44,0.44,0.0,0.0,0.0,True,ELIGIBLE,,
0.0,0.22,14,51,51,27,0.44,0.44,0.0,0.0,0.0,True,ELIGIBLE,,
0.0,0.24,14,51,51,27,0.44,0.44,0.0,0.0,0.0,True,ELIGIBLE,,
0.0,0.26,14,51,51,27,0.44,0.44,0.0,0.0,0.0,True,ELIGIBLE,,
0.0,0.28,14,51,51,27,0.44,0.44,0.0,0.0,0.0,True,ELIGIBLE,,
0.0,0.3,14,51,51,27,0.44,0.44,0.0,0.0,0.0,True,ELIGIBLE,,
0.0,0.32,14,51,51,27,0.44,0.44,0.0,0.0,0.0,True,ELIGIBLE,,
0.0,0.34,14,51,51,27,0.44,0.44,0.0,0.0,0.0,True,ELIGIBLE,,
0.0,0.36,14,51,51,27,0.44,0.44,0.0,0.0,0.0,True,ELIGIBLE,,
0.0,0.38,14,51,51,27,0.44,0.44,0.0,0.0,0.0,True,ELIGIBLE,,
0.0,0.4,14,51,51,27,0.44,0.44,0.0,0.0,0.0,True,ELIGIBLE,,
0.0,0.42,14,51,51,27,0.44,0.44,0.0,0.0,0.0,True,ELIGIBLE,,
0.0,0.44,14,51,51,27,0.44,0.44,0.0,0.0,0.0,True,ELIGIBLE,,
0.0,0.02,15,51,51,25,0.42,0.42,0.0,0.0,0.0,True,ELIGIBLE,,
0.0,0.04,15,51,51,25,0.42,0.42,0.0,0.0,0.0,True,ELIGIBLE,,
0.0,0.06,15,51,51,25,0.42,0.42,0.0,0.0,0.0,True,ELIGIBLE,,
0.0,0.08,15,51,51,25,0.42,0.42,0.0,0.0,0.0,True,ELIGIBLE,,
0.0,0.1,15,51,51,25,0.42,0.42,0.0,0.0,0.0,True,ELIGIBLE,,
0.0,0.12,15,51,51,25,0.42,0.42,0.0,0.0,0.0,True,ELIGIBLE,,
0.0,0.14,15,51,51,25,0.42,0.42,0.0,0.0,0.0,True,ELIGIBLE,,
0.0,0.16,15,51,51,25,0.42,0.42,0.0,0.0,0.0,True,ELIGIBLE,,
0.0,0.18,15,51,51,25,0.42,0.42,0.0,0.0,0.0,True,ELIGIBLE,,
0.0,0.2,15,51,51,25,0.42,0.42,0.0,0.0,0.0,True,ELIGIBLE,,
0.0,0.22,15,51,51,25,0.42,0.42,0.0,0.0,0.0,True,ELIGIBLE,,
0.0,0.24,15,51,51,25,0.42,0.42,0.0,0.0,0.0,True,ELIGIBLE,,
0.0,0.26,15,51,51,25,0.42,0.42,0.0,0.0,0.0,True,ELIGIBLE,,
0.0,0.28,15,51,51,25,0.42,0.42,0.0,0.0,0.0,True,ELIGIBLE,,
0.0,0.3,15,51,51,25,0.42,0.42,0.0,0.0,0.0,True,ELIGIBLE,,
0.0,0.32,15,51,51,25,0.42,0.42,0.0,0.0,0.0,True,ELIGIBLE,,
0.0,0.34,15,51,51,25,0.42,0.42,0.0,0.0,0.0,True,ELIGIBLE,,
0.0,0.36,15,51,51,25,0.42,0.42,0.0,0.0,0.0,True,ELIGIBLE,,
0.0,0.38,15,51,51,25,0.42,0.42,0.0,0.0,0.0,True,ELIGIBLE,,
0.0,0.4,15,51,51,25,0.42,0.42,0.0,0.0,0.0,True,ELIGIBLE,,
0.0,0.42,15,51,51,25,0.42,0.42,0.0,0.0,0.0,True,ELIGIBLE,,
0.0,0.02,16,51,51,23,0.4,0.4,0.0,0.0,0.0,True,ELIGIBLE,,
0.0,0.04,16,51,51,23,0.4,0.4,0.0,0.0,0.0,True,ELIGIBLE,,
0.0,0.06,16,51,51,23,0.4,0.4,0.0,0.0,0.0,True,ELIGIBLE,,
0.0,0.08,16,51,51,23,0.4,0.4,0.0,0.0,0.0,True,ELIGIBLE,,
0.0,0.1,16,51,51,23,0.4,0.4,0.0,0.0,0.0,True,ELIGIBLE,,
0.0,0.12,16,51,51,23,0.4,0.4,0.0,0.0,0.0,True,ELIGIBLE,,
0.0,0.14,16,51,51,23,0.4,0.4,0.0,0.0,0.0,True,ELIGIBLE,,
0.0,0.16,16,51,51,23,0.4,0.4,0.0,0.0,0.0,True,ELIGIBLE,,
0.0,0.18,16,51,51,23,0.4,0.4,0.0,0.0,0.0,True,ELIGIBLE,,
0.0,0.2,16,51,51,23,0.4,0.4,0.0,0.0,0.0,True,ELIGIBLE,,
0.0,0.22,16,51,51,23,0.4,0.4,0.0,0.0,0.0,True,ELIGIBLE,,
0.0,0.24,16,51,51,23,0.4,0.4,0.0,0.0,0.0,True,ELIGIBLE,,
0.0,0.26,16,51,51,23,0.4,0.4,0.0,0.0,0.0,True,ELIGIBLE,,
0.0,0.28,16,51,51,23,0.4,0.4,0.0,0.0,0.0,True,ELIGIBLE,,
0.0,0.3,16,51,51,23,0.4,0.4,0.0,0.0,0.0,True,ELIGIBLE,,
0.0,0.32,16,51,51,23,0.4,0.4,0.0,0.0,0.0,True,ELIGIBLE,,
0.0,0.34,16,51,51,23,0.4,0.4,0.0,0.0,0.0,True,ELIGIBLE,,
0.0,0.36,16,51,51,23,0.4,0.4,0.0,0.0,0.0,True,ELIGIBLE,,
0.0,0.38,16,51,51,23,0.4,0.4,0.0,0.0,0.0,True,ELIGIBLE,,
0.0,0.4,16,51,51,23,0.4,0.4,0.0,0.0,0.0,True,ELIGIBLE,,
0.0,0.02,17,51,51,21,0.38,0.38,0.0,0.0,0.0,True,ELIGIBLE,,
0.0,0.04,17,51,51,21,0.38,0.38,0.0,0.0,0.0,True,ELIGIBLE,,
0.0,0.06,17,51,51,21,0.38,0.38,0.0,0.0,0.0,True,ELIGIBLE,,
0.0,0.08,17,51,51,21,0.38,0.38,0.0,0.0,0.0,True,ELIGIBLE,,
0.0,0.1,17,51,51,21,0.38,0.38,0.0,0.0,0.0,True,ELIGIBLE,,
0.0,0.12,17,51,51,21,0.38,0.38,0.0,0.0,0.0,True,ELIGIBLE,,
0.0,0.14,17,51,51,21,0.38,0.38,0.0,0.0,0.0,True,ELIGIBLE,,
0.0,0.16,17,51,51,21,0.38,0.38,0.0,0.0,0.0,True,ELIGIBLE,,
0.0,0.18,17,51,51,21,0.38,0.38,0.0,0.0,0.0,True,ELIGIBLE,,
0.0,0.2,17,51,51,21,0.38,0.38,0.0,0.0,0.0,True,ELIGIBLE,,
0.0,0.22,17,51,51,21,0.38,0.38,0.0,0.0,0.0,True,ELIGIBLE,,
0.0,0.24,17,51,51,21,0.38,0.38,0.0,0.0,0.0,True,ELIGIBLE,,
0.0,0.26,17,51,51,21,0.38,0.38,0.0,0.0,0.0,True,ELIGIBLE,,
0.0,0.28,17,51,51,21,0.38,0.38,0.0,0.0,0.0,True,ELIGIBLE,,
0.0,0.3,17,51,51,21,0.38,0.38,0.0,0.0,0.0,True,ELIGIBLE,,
0.0,0.32,17,51,51,21,0.38,0.38,0.0,0.0,0.0,True,ELIGIBLE,,
0.0,0.34,17,51,51,21,0.38,0.38,0.0,0.0,0.0,True,ELIGIBLE,,
0.0,0.36,17,51,51,21,0.38,0.38,0.0,0.0,0.0,True,ELIGIBLE,,
0.0,0.38,17,51,51,21,0.38,0.38,0.0,0.0,0.0,True,ELIGIBLE,,
0.0,0.02,18,51,51,19,0.36,0.36,0.0,0.0,0.0,True,ELIGIBLE,,
0.0,0.04,18,51,51,19,0.36,0.36,0.0,0.0,0.0,True,ELIGIBLE,,
0.0,0.06,18,51,51,19,0.36,0.36,0.0,0.0,0.0,True,ELIGIBLE,,
0.0,0.08,18,51,51,19,0.36,0.36,0.0,0.0,0.0,True,ELIGIBLE,,
0.0,0.1,18,51,51,19,0.36,0.36,0.0,0.0,0.0,True,ELIGIBLE,,
0.0,0.12,18,51,51,19,0.36,0.36,0.0,0.0,0.0,True,ELIGIBLE,,
0.0,0.14,18,51,51,19,0.36,0.36,0.0,0.0,0.0,True,ELIGIBLE,,
0.0,0.16,18,51,51,19,0.36,0.36,0.0,0.0,0.0,True,ELIGIBLE,,
0.0,0.18,18,51,51,19,0.36,0.36,0.0,0.0,0.0,True,ELIGIBLE,,
0.0,0.2,18,51,51,19,0.36,0.36,0.0,0.0,0.0,True,ELIGIBLE,,
0.0,0.22,18,51,51,19,0.36,0.36,0.0,0.0,0.0,True,ELIGIBLE,,
0.0,0.24,18,51,51,19,0.36,0.36,0.0,0.0,0.0,True,ELIGIBLE,,
0.0,0.26,18,51,51,19,0.36,0.36,0.0,0.0,0.0,True,ELIGIBLE,,
0.0,0.28,18,51,51,19,0.36,0.36,0.0,0.0,0.0,True,ELIGIBLE,,
0.0,0.3,18,51,51,19,0.36,0.36,0.0,0.0,0.0,True,ELIGIBLE,,
0.0,0.32,18,51,51,19,0.36,0.36,0.0,0.0,0.0,True,ELIGIBLE,,
0.0,0.34,18,51,51,19,0.36,0.36,0.0,0.0,0.0,True,ELIGIBLE,,
0.0,0.36,18,51,51,19,0.36,0.36,0.0,0.0,0.0,True,ELIGIBLE,,
0.0,0.02,19,51,51,18,0.34,0.34,0.0,0.0,0.0,True,ELIGIBLE,,
0.0,0.04,19,51,51,18,0.34,0.34,0.0,0.0,0.0,True,ELIGIBLE,,
0.0,0.06,19,51,51,18,0.34,0.34,0.0,0.0,0.0,True,ELIGIBLE,,
0.0,0.08,19,51,51,18,0.34,0.34,0.0,0.0,0.0,True,ELIGIBLE,,
0.0,0.1,19,51,51,18,0.34,0.34,0.0,0.0,0.0,True,ELIGIBLE,,
0.0,0.12,19,51,51,18,0.34,0.34,0.0,0.0,0.0,True,ELIGIBLE,,
0.0,0.14,19,51,51,18,0.34,0.34,0.0,0.0,0.0,True,ELIGIBLE,,
0.0,0.16,19,51,51,18,0.34,0.34,0.0,0.0,0.0,True,ELIGIBLE,,
0.0,0.18,19,51,51,18,0.34,0.34,0.0,0.0,0.0,True,ELIGIBLE,,
0.0,0.2,19,51,51,18,0.34,0.34,0.0,0.0,0.0,True,ELIGIBLE,,
0.0,0.22,19,51,51,18,0.34,0.34,0.0,0.0,0.0,True,ELIGIBLE,,
0.0,0.24,19,51,51,18,0.34,0.34,0.0,0.0,0.0,True,ELIGIBLE,,
0.0,0.26,19,51,51,18,0.34,0.34,0.0,0.0,0.0,True,ELIGIBLE,,
0.0,0.28,19,51,51,18,0.34,0.34,0.0,0.0,0.0,True,ELIGIBLE,,
0.0,0.3,19,51,51,18,0.34,0.34,0.0,0.0,0.0,True,ELIGIBLE,,
0.0,0.32,19,51,51,18,0.34,0.34,0.0,0.0,0.0,True,ELIGIBLE,,
0.0,0.34,19,51,51,18,0.34,0.34,0.0,0.0,0.0,True,ELIGIBLE,,
0.0,0.02,20,51,51,17,0.32,0.32,0.0,0.0,0.0,True,ELIGIBLE,,
0.0,0.04,20,51,51,17,0.32,0.32,0.0,0.0,0.0,True,ELIGIBLE,,
0.0,0.06,20,51,51,17,0.32,0.32,0.0,0.0,0.0,True,ELIGIBLE,,
0.0,0.08,20,51,51,17,0.32,0.32,0.0,0.0,0.0,True,ELIGIBLE,,
0.0,0.1,20,51,51,17,0.32,0.32,0.0,0.0,0.0,True,ELIGIBLE,,
0.0,0.12,20,51,51,17,0.32,0.32,0.0,0.0,0.0,True,ELIGIBLE,,
0.0,0.14,20,51,51,17,0.32,0.32,0.0,0.0,0.0,True,ELIGIBLE,,
0.0,0.16,20,51,51,17,0.32,0.32,0.0,0.0,0.0,True,ELIGIBLE,,
0.0,0.18,20,51,51,17,0.32,0.32,0.0,0.0,0.0,True,ELIGIBLE,,
0.0,0.2,20,51,51,17,0.32,0.32,0.0,0.0,0.0,True,ELIGIBLE,,
0.0,0.22,20,51,51,17,0.32,0.32,0.0,0.0,0.0,True,ELIGIBLE,,
0.0,0.24,20,51,51,17,0.32,0.32,0.0,0.0,0.0,True,ELIGIBLE,,
0.0,0.26,20,51,51,17,0.32,0.32,0.0,0.0,0.0,True,ELIGIBLE,,
0.0,0.28,20,51,51,17,0.32,0.32,0.0,0.0,0.0,True,ELIGIBLE,,
0.0,0.3,20,51,51,17,0.32,0.32,0.0,0.0,0.0,True,ELIGIBLE,,
0.0,0.32,20,51,51,17,0.32,0.32,0.0,0.0,0.0,True,ELIGIBLE,,
0.0,0.02,21,51,51,16,0.3,0.3,0.0,0.0,0.0,True,ELIGIBLE,,
0.0,0.04,21,51,51,16,0.3,0.3,0.0,0.0,0.0,True,ELIGIBLE,,
0.0,0.06,21,51,51,16,0.3,0.3,0.0,0.0,0.0,True,ELIGIBLE,,
0.0,0.08,21,51,51,16,0.3,0.3,0.0,0.0,0.0,True,ELIGIBLE,,
0.0,0.1,21,51,51,16,0.3,0.3,0.0,0.0,0.0,True,ELIGIBLE,,
0.0,0.12,21,51,51,16,0.3,0.3,0.0,0.0,0.0,True,ELIGIBLE,,
0.0,0.14,21,51,51,16,0.3,0.3,0.0,0.0,0.0,True,ELIGIBLE,,
0.0,0.16,21,51,51,16,0.3,0.3,0.0,0.0,0.0,True,ELIGIBLE,,
0.0,0.18,21,51,51,16,0.3,0.3,0.0,0.0,0.0,True,ELIGIBLE,,
0.0,0.2,21,51,51,16,0.3,0.3,0.0,0.0,0.0,True,ELIGIBLE,,
0.0,0.22,21,51,51,16,0.3,0.3,0.0,0.0,0.0,True,ELIGIBLE,,
0.0,0.24,21,51,51,16,0.3,0.3,0.0,0.0,0.0,True,ELIGIBLE,,
0.0,0.26,21,51,51,16,0.3,0.3,0.0,0.0,0.0,True,ELIGIBLE,,
0.0,0.28,21,51,51,16,0.3,0.3,0.0,0.0,0.0,True,ELIGIBLE,,
0.0,0.3,21,51,51,16,0.3,0.3,0.0,0.0,0.0,True,ELIGIBLE,,
0.0,0.02,22,51,51,15,0.28,0.28,0.0,0.0,0.0,True,ELIGIBLE,,
0.0,0.04,22,51,51,15,0.28,0.28,0.0,0.0,0.0,True,ELIGIBLE,,
0.0,0.06,22,51,51,15,0.28,0.28,0.0,0.0,0.0,True,ELIGIBLE,,
0.0,0.08,22,51,51,15,0.28,0.28,0.0,0.0,0.0,True,ELIGIBLE,,
0.0,0.1,22,51,51,15,0.28,0.28,0.0,0.0,0.0,True,ELIGIBLE,,
0.0,0.12,22,51,51,15,0.28,0.28,0.0,0.0,0.0,True,ELIGIBLE,,
0.0,0.14,22,51,51,15,0.28,0.28,0.0,0.0,0.0,True,ELIGIBLE,,
0.0,0.16,22,51,51,15,0.28,0.28,0.0,0.0,0.0,True,ELIGIBLE,,
0.0,0.18,22,51,51,15,0.28,0.28,0.0,0.0,0.0,True,ELIGIBLE,,
0.0,0.2,22,51,51,15,0.28,0.28,0.0,0.0,0.0,True,ELIGIBLE,,
0.0,0.22,22,51,51,15,0.28,0.28,0.0,0.0,0.0,True,ELIGIBLE,,
0.0,0.24,22,51,51,15,0.28,0.28,0.0,0.0,0.0,True,ELIGIBLE,,
0.0,0.26,22,51,51,15,0.28,0.28,0.0,0.0,0.0,True,ELIGIBLE,,
0.0,0.28,22,51,51,15,0.28,0.28,0.0,0.0,0.0,True,ELIGIBLE,,
0.0,0.02,23,51,51,14,0.26,0.26,0.0,0.0,0.0,True,ELIGIBLE,,
0.0,0.04,23,51,51,14,0.26,0.26,0.0,0.0,0.0,True,ELIGIBLE,,
0.0,0.06,23,51,51,14,0.26,0.26,0.0,0.0,0.0,True,ELIGIBLE,,
0.0,0.08,23,51,51,14,0.26,0.26,0.0,0.0,0.0,True,ELIGIBLE,,
0.0,0.1,23,51,51,14,0.26,0.26,0.0,0.0,0.0,True,ELIGIBLE,,
0.0,0.12,23,51,51,14,0.26,0.26,0.0,0.0,0.0,True,ELIGIBLE,,
0.0,0.14,23,51,51,14,0.26,0.26,0.0,0.0,0.0,True,ELIGIBLE,,
0.0,0.16,23,51,51,14,0.26,0.26,0.0,0.0,0.0,True,ELIGIBLE,,
0.0,0.18,23,51,51,14,0.26,0.26,0.0,0.0,0.0,True,ELIGIBLE,,
0.0,0.2,23,51,51,14,0.26,0.26,0.0,0.0,0.0,True,ELIGIBLE,,
0.0,0.22,23,51,51,14,0.26,0.26,0.0,0.0,0.0,True,ELIGIBLE,,
0.0,0.24,23,51,51,14,0.26,0.26,0.0,0.0,0.0,True,ELIGIBLE,,
0.0,0.26,23,51,51,14,0.26,0.26,0.0,0.0,0.0,True,ELIGIBLE,,
0.0,0.02,24,51,51,13,0.24,0.24,0.0,0.0,0.0,True,ELIGIBLE,,
0.0,0.04,24,51,51,13,0.24,0.24,0.0,0.0,0.0,True,ELIGIBLE,,
0.0,0.06,24,51,51,13,0.24,0.24,0.0,0.0,0.0,True,ELIGIBLE,,
0.0,0.08,24,51,51,13,0.24,0.24,0.0,0.0,0.0,True,ELIGIBLE,,
0.0,0.1,24,51,51,13,0.24,0.24,0.0,0.0,0.0,True,ELIGIBLE,,
0.0,0.12,24,51,51,13,0.24,0.24,0.0,0.0,0.0,True,ELIGIBLE,,
0.0,0.14,24,51,51,13,0.24,0.24,0.0,0.0,0.0,True,ELIGIBLE,,
0.0,0.16,24,51,51,13,0.24,0.24,0.0,0.0,0.0,True,ELIGIBLE,,
0.0,0.18,24,51,51,13,0.24,0.24,0.0,0.0,0.0,True,ELIGIBLE,,
0.0,0.2,24,51,51,13,0.24,0.24,0.0,0.0,0.0,True,ELIGIBLE,,
0.0,0.22,24,51,51,13,0.24,0.24,0.0,0.0,0.0,True,ELIGIBLE,,
0.0,0.24,24,51,51,13,0.24,0.24,0.0,0.0,0.0,True,ELIGIBLE,,
0.0,0.02,25,51,51,12,0.22,0.22,0.0,0.0,0.0,True,ELIGIBLE,,
0.0,0.04,25,51,51,12,0.22,0.22,0.0,0.0,0.0,True,ELIGIBLE,,
0.0,0.06,25,51,51,12,0.22,0.22,0.0,0.0,0.0,True,ELIGIBLE,,
0.0,0.08,25,51,51,12,0.22,0.22,0.0,0.0,0.0,True,ELIGIBLE,,
0.0,0.1,25,51,51,12,0.22,0.22,0.0,0.0,0.0,True,ELIGIBLE,,
0.0,0.12,25,51,51,12,0.22,0.22,0.0,0.0,0.0,True,ELIGIBLE,,
0.0,0.14,25,51,51,12,0.22,0.22,0.0,0.0,0.0,True,ELIGIBLE,,
0.0,0.16,25,51,51,12,0.22,0.22,0.0,0.0,0.0,True,ELIGIBLE,,
0.0,0.18,25,51,51,12,0.22,0.22,0.0,0.0,0.0,True,ELIGIBLE,,
0.0,0.2,25,51,51,12,0.22,0.22,0.0,0.0,0.0,True,ELIGIBLE,,
0.0,0.22,25,51,51,12,0.22,0.22,0.0,0.0,0.0,True,ELIGIBLE,,
