flight,flight_id,approach_id,fixture_dir,era,era_family,recording_regime,failure_reason,Y_eligible,funnel_applicability,funnel_applicability_note,frozen_compound_signature_positive,full_dies_gt4p5_proxy,never_recertifies_le3p5,definition
A001,20260714T210518-58cd98ad,20260714T210518-58cd98ad:NO_CLOSE_EPOCH,20260714T212450-phase3b-r2training,phase3b,phase3,archive,NO_CLOSE_FEATURE_EPOCH_LE4P5,False,era-structural,pre-terminal/current-side era; funnel not transported as cohort-4 prior,True,True,True,RESPONSE42/44 frozen: FULL dies >4.5m AND never re-certifies <=3.5m; no threshold moved
A002,20260714T210844-58cd98ad,20260714T210844-58cd98ad:NO_CLOSE_EPOCH,20260714T212450-phase3b-r2training,phase3b,phase3,archive,NO_CLOSE_FEATURE_EPOCH_LE4P5,False,era-structural,pre-terminal/current-side era; funnel not transported as cohort-4 prior,True,True,True,RESPONSE42/44 frozen: FULL dies >4.5m AND never re-certifies <=3.5m; no threshold moved
A003,20260714T211404-58cd98ad,20260714T211404-58cd98ad:NO_CLOSE_EPOCH,20260714T212450-phase3b-r2training,phase3b,phase3,archive,NO_CLOSE_FEATURE_EPOCH_LE4P5,False,era-structural,pre-terminal/current-side era; funnel not transported as cohort-4 prior,True,True,True,RESPONSE42/44 frozen: FULL dies >4.5m AND never re-certifies <=3.5m; no threshold moved
A004,20260715T045100-411f3135,20260715T045100-411f3135:NO_CLOSE_EPOCH,20260715T052244-phase3c-r2training,phase3c,phase3,archive,NO_CLOSE_FEATURE_EPOCH_LE4P5,False,era-structural,pre-terminal/current-side era; funnel not transported as cohort-4 prior,True,True,True,RESPONSE42/44 frozen: FULL dies >4.5m AND never re-certifies <=3.5m; no threshold moved
A005,20260715T045458-411f3135,20260715T045458-411f3135:NO_CLOSE_EPOCH,20260715T052244-phase3c-r2training,phase3c,phase3,archive,NO_CLOSE_FEATURE_EPOCH_LE4P5,False,era-structural,pre-terminal/current-side era; funnel not transported as cohort-4 prior,True,True,True,RESPONSE42/44 frozen: FULL dies >4.5m AND never re-certifies <=3.5m; no threshold moved
A006,20260715T051458-6092dbc0,20260715T051458-6092dbc0:NO_CLOSE_EPOCH,20260715T052244-phase3c-r2training,phase3c,phase3,archive,NO_CLOSE_FEATURE_EPOCH_LE4P5,False,era-structural,pre-terminal/current-side era; funnel not transported as cohort-4 prior,True,True,True,RESPONSE42/44 frozen: FULL dies >4.5m AND never re-certifies <=3.5m; no threshold moved
A007,20260715T121747-22978559,20260715T121747-22978559:NO_CLOSE_EPOCH,20260715T135600-phase3d-r2training,phase3d,phase3,archive,NO_CLOSE_FEATURE_EPOCH_LE4P5,False,era-structural,pre-terminal/current-side era; funnel not transported as cohort-4 prior,True,True,True,RESPONSE42/44 frozen: FULL dies >4.5m AND never re-certifies <=3.5m; no threshold moved
A008,20260715T122040-22978559,20260715T122040-22978559:NO_CLOSE_EPOCH,20260715T135600-phase3d-r2training,phase3d,phase3,archive,NO_CLOSE_FEATURE_EPOCH_LE4P5,False,era-structural,pre-terminal/current-side era; funnel not transported as cohort-4 prior,True,True,True,RESPONSE42/44 frozen: FULL dies >4.5m AND never re-certifies <=3.5m; no threshold moved
A009,20260715T122352-22978559,20260715T122352-22978559:NO_CLOSE_EPOCH,20260715T135600-phase3d-r2training,phase3d,phase3,archive,NO_CLOSE_FEATURE_EPOCH_LE4P5,False,era-structural,pre-terminal/current-side era; funnel not transported as cohort-4 prior,True,True,True,RESPONSE42/44 frozen: FULL dies >4.5m AND never re-certifies <=3.5m; no threshold moved
A010,20260715T183716-8e6cf1f5,20260715T183716-8e6cf1f5:NO_CLOSE_EPOCH,20260715T190627-phase3e-r2training-slow,phase3e,phase3,archive,NO_CLOSE_FEATURE_EPOCH_LE4P5,False,era-structural,pre-terminal/current-side era; funnel not transported as cohort-4 prior,True,True,True,RESPONSE42/44 frozen: FULL dies >4.5m AND never re-certifies <=3.5m; no threshold moved
A011,20260715T184758-8e6cf1f5,20260715T184758-8e6cf1f5:NO_CLOSE_EPOCH,20260715T190627-phase3e-r2training-slow,phase3e,phase3,archive,NO_CLOSE_FEATURE_EPOCH_LE4P5,False,era-structural,pre-terminal/current-side era; funnel not transported as cohort-4 prior,True,True,True,RESPONSE42/44 frozen: FULL dies >4.5m AND never re-certifies <=3.5m; no threshold moved
A012,20260715T185046-8e6cf1f5,20260715T185046-8e6cf1f5:NO_CLOSE_EPOCH,20260715T190627-phase3e-r2training-slow,phase3e,phase3,archive,NO_CLOSE_FEATURE_EPOCH_LE4P5,False,era-structural,pre-terminal/current-side era; funnel not transported as cohort-4 prior,True,True,True,RESPONSE42/44 frozen: FULL dies >4.5m AND never re-certifies <=3.5m; no threshold moved
A013,20260715T185843-7f28e2fb,20260715T185843-7f28e2fb:NO_CLOSE_EPOCH,20260715T190627-phase3e-r2training-slow,phase3e,phase3,archive,NO_CLOSE_FEATURE_EPOCH_LE4P5,False,era-structural,pre-terminal/current-side era; funnel not transported as cohort-4 prior,True,True,True,RESPONSE42/44 frozen: FULL dies >4.5m AND never re-certifies <=3.5m; no threshold moved
A014,20260715T195033-8edfeec4,20260715T195033-8edfeec4:NO_CLOSE_EPOCH,20260715T200734-phase3f-r2training-slow,phase3f,phase3,archive,NO_CLOSE_FEATURE_EPOCH_LE4P5,False,era-structural,pre-terminal/current-side era; funnel not transported as cohort-4 prior,True,True,True,RESPONSE42/44 frozen: FULL dies >4.5m AND never re-certifies <=3.5m; no threshold moved
A015,20260715T200011-8edfeec4,20260715T200011-8edfeec4:NO_CLOSE_EPOCH,20260715T200734-phase3f-r2training-slow,phase3f,phase3,archive,NO_CLOSE_FEATURE_EPOCH_LE4P5,False,era-structural,pre-terminal/current-side era; funnel not transported as cohort-4 prior,True,True,True,RESPONSE42/44 frozen: FULL dies >4.5m AND never re-certifies <=3.5m; no threshold moved
A016,20260715T200142-8edfeec4,20260715T200142-8edfeec4:NO_CLOSE_EPOCH,20260715T200734-phase3f-r2training-slow,phase3f,phase3,archive,NO_CLOSE_FEATURE_EPOCH_LE4P5,False,era-structural,pre-terminal/current-side era; funnel not transported as cohort-4 prior,True,True,True,RESPONSE42/44 frozen: FULL dies >4.5m AND never re-certifies <=3.5m; no threshold moved
A017,20260715T203300-8edfeec4,20260715T203300-8edfeec4:NO_CLOSE_EPOCH,20260715T211420-phase3g-r2training,phase3g,phase3,archive,NO_CLOSE_FEATURE_EPOCH_LE4P5,False,era-structural,pre-terminal/current-side era; funnel not transported as cohort-4 prior,True,True,True,RESPONSE42/44 frozen: FULL dies >4.5m AND never re-certifies <=3.5m; no threshold moved
A018,20260715T204925-8edfeec4,20260715T204925-8edfeec4:NO_CLOSE_EPOCH,20260715T211420-phase3g-r2training,phase3g,phase3,archive,NO_CLOSE_FEATURE_EPOCH_LE4P5,False,era-structural,pre-terminal/current-side era; funnel not transported as cohort-4 prior,True,True,True,RESPONSE42/44 frozen: FULL dies >4.5m AND never re-certifies <=3.5m; no threshold moved
A019,20260715T205124-8edfeec4,20260715T205124-8edfeec4:NO_CLOSE_EPOCH,20260715T211420-phase3g-r2training,phase3g,phase3,archive,NO_CLOSE_FEATURE_EPOCH_LE4P5,False,era-structural,pre-terminal/current-side era; funnel not transported as cohort-4 prior,True,True,True,RESPONSE42/44 frozen: FULL dies >4.5m AND never re-certifies <=3.5m; no threshold moved
A020,20260715T205845-fc86a160,20260715T205845-fc86a160:NO_CLOSE_EPOCH,20260715T211420-phase3g-r2training,phase3g,phase3,archive,NO_CLOSE_FEATURE_EPOCH_LE4P5,False,era-structural,pre-terminal/current-side era; funnel not transported as cohort-4 prior,True,True,True,RESPONSE42/44 frozen: FULL dies >4.5m AND never re-certifies <=3.5m; no threshold moved
A021,20260715T213138-8edfeec4,20260715T213138-8edfeec4:NO_CLOSE_EPOCH,20260716T023148-phase3h-r2training,phase3h,phase3,archive,NO_CLOSE_FEATURE_EPOCH_LE4P5,False,era-structural,pre-terminal/current-side era; funnel not transported as cohort-4 prior,True,True,True,RESPONSE42/44 frozen: FULL dies >4.5m AND never re-certifies <=3.5m; no threshold moved
A022,20260715T213225-8edfeec4,20260715T213225-8edfeec4:NO_CLOSE_EPOCH,20260716T023148-phase3h-r2training,phase3h,phase3,archive,NO_CLOSE_FEATURE_EPOCH_LE4P5,False,era-structural,pre-terminal/current-side era; funnel not transported as cohort-4 prior,True,True,True,RESPONSE42/44 frozen: FULL dies >4.5m AND never re-certifies <=3.5m; no threshold moved
A023,20260715T213406-fc86a160,20260715T213406-fc86a160:NO_CLOSE_EPOCH,20260716T023148-phase3h-r2training,phase3h,phase3,archive,NO_CLOSE_FEATURE_EPOCH_LE4P5,False,era-structural,pre-terminal/current-side era; funnel not transported as cohort-4 prior,True,True,True,RESPONSE42/44 frozen: FULL dies >4.5m AND never re-certifies <=3.5m; no threshold moved
A024,20260716T022502-8edfeec4,20260716T022502-8edfeec4:NO_CLOSE_EPOCH,20260716T023148-phase3h-r2training,phase3h,phase3,archive,NO_CLOSE_FEATURE_EPOCH_LE4P5,False,era-structural,pre-terminal/current-side era; funnel not transported as cohort-4 prior,True,True,True,RESPONSE42/44 frozen: FULL dies >4.5m AND never re-certifies <=3.5m; no threshold moved
A025,20260716T031114-8edfeec4,20260716T031114-8edfeec4:NO_CLOSE_EPOCH,20260716T115732-phase3i-r2training,phase3i,phase3,archive,NO_CLOSE_FEATURE_EPOCH_LE4P5,False,era-structural,pre-terminal/current-side era; funnel not transported as cohort-4 prior,True,True,True,RESPONSE42/44 frozen: FULL dies >4.5m AND never re-certifies <=3.5m; no threshold moved
A026,20260716T113216-8edfeec4,20260716T113216-8edfeec4:NO_CLOSE_EPOCH,20260716T115732-phase3i-r2training,phase3i,phase3,archive,NO_CLOSE_FEATURE_EPOCH_LE4P5,False,era-structural,pre-terminal/current-side era; funnel not transported as cohort-4 prior,True,True,True,RESPONSE42/44 frozen: FULL dies >4.5m AND never re-certifies <=3.5m; no threshold moved
A027,20260716T114244-8edfeec4,20260716T114244-8edfeec4:NO_CLOSE_EPOCH,20260716T115732-phase3i-r2training,phase3i,phase3,archive,NO_CLOSE_FEATURE_EPOCH_LE4P5,False,era-structural,pre-terminal/current-side era; funnel not transported as cohort-4 prior,True,True,True,RESPONSE42/44 frozen: FULL dies >4.5m AND never re-certifies <=3.5m; no threshold moved
A028,20260716T130659-8edfeec4,20260716T130659-8edfeec4:NO_CLOSE_EPOCH,20260716T132549-phase3j-r2training-rerun,phase3j,phase3,archive,NO_CLOSE_FEATURE_EPOCH_LE4P5,False,era-structural,pre-terminal/current-side era; funnel not transported as cohort-4 prior,True,True,True,RESPONSE42/44 frozen: FULL dies >4.5m AND never re-certifies <=3.5m; no threshold moved
A029,20260716T131137-2ca531c3,20260716T131137-2ca531c3:NO_CLOSE_EPOCH,20260716T132549-phase3j-r2training-rerun,phase3j,phase3,archive,NO_CLOSE_FEATURE_EPOCH_LE4P5,False,era-structural,pre-terminal/current-side era; funnel not transported as cohort-4 prior,True,True,True,RESPONSE42/44 frozen: FULL dies >4.5m AND never re-certifies <=3.5m; no threshold moved
A030,20260716T131630-8edfeec4,20260716T131630-8edfeec4:NO_CLOSE_EPOCH,20260716T132549-phase3j-r2training-rerun,phase3j,phase3,archive,NO_CLOSE_FEATURE_EPOCH_LE4P5,False,era-structural,pre-terminal/current-side era; funnel not transported as cohort-4 prior,True,True,True,RESPONSE42/44 frozen: FULL dies >4.5m AND never re-certifies <=3.5m; no threshold moved
A031,20260716T131802-8edfeec4,20260716T131802-8edfeec4:NO_CLOSE_EPOCH,20260716T132549-phase3j-r2training-rerun,phase3j,phase3,archive,NO_CLOSE_FEATURE_EPOCH_LE4P5,False,era-structural,pre-terminal/current-side era; funnel not transported as cohort-4 prior,True,True,True,RESPONSE42/44 frozen: FULL dies >4.5m AND never re-certifies <=3.5m; no threshold moved
A032,20260716T133531-927a4c97,20260716T133531-927a4c97:NO_CLOSE_EPOCH,20260716T135229-phase4a-r2training-chain,phase4a,phase4,archive,NO_CLOSE_FEATURE_EPOCH_LE4P5,False,era-structural,pre-terminal/current-side era; funnel not transported as cohort-4 prior,True,True,True,RESPONSE42/44 frozen: FULL dies >4.5m AND never re-certifies <=3.5m; no threshold moved
A033,20260716T134309-927a4c97,20260716T134309-927a4c97:NO_CLOSE_EPOCH,20260716T135229-phase4a-r2training-chain,phase4a,phase4,archive,NO_CLOSE_FEATURE_EPOCH_LE4P5,False,era-structural,pre-terminal/current-side era; funnel not transported as cohort-4 prior,True,True,True,RESPONSE42/44 frozen: FULL dies >4.5m AND never re-certifies <=3.5m; no threshold moved
A034,20260716T134842-927a4c97,20260716T134842-927a4c97:NO_CLOSE_EPOCH,20260716T135229-phase4a-r2training-chain,phase4a,phase4,archive,NO_CLOSE_FEATURE_EPOCH_LE4P5,False,era-structural,pre-terminal/current-side era; funnel not transported as cohort-4 prior,True,True,True,RESPONSE42/44 frozen: FULL dies >4.5m AND never re-certifies <=3.5m; no threshold moved
A035,20260716T143604-927a4c97,20260716T143604-927a4c97:NO_CLOSE_EPOCH,20260716T144305-phase4b-r2training-chain,phase4b,phase4,archive,NO_CLOSE_FEATURE_EPOCH_LE4P5,False,era-structural,pre-terminal/current-side era; funnel not transported as cohort-4 prior,True,True,True,RESPONSE42/44 frozen: FULL dies >4.5m AND never re-certifies <=3.5m; no threshold moved
A036,20260716T143739-927a4c97,20260716T143739-927a4c97:NO_CLOSE_EPOCH,20260716T144305-phase4b-r2training-chain,phase4b,phase4,archive,NO_CLOSE_FEATURE_EPOCH_LE4P5,False,era-structural,pre-terminal/current-side era; funnel not transported as cohort-4 prior,True,True,True,RESPONSE42/44 frozen: FULL dies >4.5m AND never re-certifies <=3.5m; no threshold moved
A037,20260716T143915-927a4c97,20260716T143915-927a4c97:NO_CLOSE_EPOCH,20260716T144305-phase4b-r2training-chain,phase4b,phase4,archive,NO_CLOSE_FEATURE_EPOCH_LE4P5,False,era-structural,pre-terminal/current-side era; funnel not transported as cohort-4 prior,True,True,True,RESPONSE42/44 frozen: FULL dies >4.5m AND never re-certifies <=3.5m; no threshold moved
A038,20260716T153120-927a4c97,20260716T153120-927a4c97:NO_CLOSE_EPOCH,20260716T154946-phase4b-r2training-chain-v2,phase4b,phase4,archive,NO_CLOSE_FEATURE_EPOCH_LE4P5,False,era-structural,pre-terminal/current-side era; funnel not transported as cohort-4 prior,True,True,True,RESPONSE42/44 frozen: FULL dies >4.5m AND never re-certifies <=3.5m; no threshold moved
A039,20260716T153853-927a4c97,20260716T153853-927a4c97:NO_CLOSE_EPOCH,20260716T154946-phase4b-r2training-chain-v2,phase4b,phase4,archive,NO_CLOSE_FEATURE_EPOCH_LE4P5,False,era-structural,pre-terminal/current-side era; funnel not transported as cohort-4 prior,True,True,True,RESPONSE42/44 frozen: FULL dies >4.5m AND never re-certifies <=3.5m; no threshold moved
A040,20260716T164931-927a4c97,20260716T164931-927a4c97:NO_CLOSE_EPOCH,20260716T174215-phase4c-r2training-chain,phase4c,phase4,archive,NO_CLOSE_FEATURE_EPOCH_LE4P5,False,era-structural,pre-terminal/current-side era; funnel not transported as cohort-4 prior,True,True,True,RESPONSE42/44 frozen: FULL dies >4.5m AND never re-certifies <=3.5m; no threshold moved
A041,20260716T165306-927a4c97,20260716T165306-927a4c97:NO_CLOSE_EPOCH,20260716T174215-phase4c-r2training-chain,phase4c,phase4,archive,NO_CLOSE_FEATURE_EPOCH_LE4P5,False,era-structural,pre-terminal/current-side era; funnel not transported as cohort-4 prior,True,True,True,RESPONSE42/44 frozen: FULL dies >4.5m AND never re-certifies <=3.5m; no threshold moved
A042,20260716T165535-927a4c97,20260716T165535-927a4c97:NO_CLOSE_EPOCH,20260716T174215-phase4c-r2training-chain,phase4c,phase4,archive,NO_CLOSE_FEATURE_EPOCH_LE4P5,False,era-structural,pre-terminal/current-side era; funnel not transported as cohort-4 prior,True,True,True,RESPONSE42/44 frozen: FULL dies >4.5m AND never re-certifies <=3.5m; no threshold moved
A043,20260716T203450-2ca531c3,20260716T203450-2ca531c3:A1,20260716T212744-phase5-closerange-frames,phase5,phase5,archive,NO_PARALLEL_SIDE_PRODUCTION,False,era-behavioral,historical behavior/guards partly cured; descriptive only,False,False,False,RESPONSE42/44 frozen: FULL dies >4.5m AND never re-certifies <=3.5m; no threshold moved
A044,20260716T212408-2ca531c3,20260716T212408-2ca531c3:NO_CLOSE_EPOCH,20260716T212744-phase5-closerange-frames,phase5,phase5,archive,NO_CLOSE_FEATURE_EPOCH_LE4P5,False,era-behavioral,historical behavior/guards partly cured; descriptive only,True,True,True,RESPONSE42/44 frozen: FULL dies >4.5m AND never re-certifies <=3.5m; no threshold moved
A045,20260717T090941-debf3ec1,20260717T090941-debf3ec1:A1,20260717T092008-phase5b-confirm,phase5b,phase5,confirm,NO_PARALLEL_SIDE_PRODUCTION,False,era-behavioral,historical behavior/guards partly cured; descriptive only,False,False,False,RESPONSE42/44 frozen: FULL dies >4.5m AND never re-certifies <=3.5m; no threshold moved
A046,20260717T091107-debf3ec1,20260717T091107-debf3ec1:A1,20260717T092008-phase5b-confirm,phase5b,phase5,confirm,NO_LEGAL_SIDE_MAINTENANCE_INTERVAL,False,current-gate,current replay gate/funnel remains applicable to cohort availability accounting,False,False,False,RESPONSE42/44 frozen: FULL dies >4.5m AND never re-certifies <=3.5m; no threshold moved
A046,20260717T091107-debf3ec1,20260717T091107-debf3ec1:A2,20260717T092008-phase5b-confirm,phase5b,phase5,confirm,NO_CERTIFIED_FULL_BELOW_3P5,False,current-gate,current replay gate/funnel remains applicable to cohort availability accounting,False,False,True,RESPONSE42/44 frozen: FULL dies >4.5m AND never re-certifies <=3.5m; no threshold moved
A046,20260717T091107-debf3ec1,20260717T091107-debf3ec1:A3,20260717T092008-phase5b-confirm,phase5b,phase5,confirm,FULL_BELOW_3P5_NOT_EZ_USABLE,False,current-gate,current replay gate/funnel remains applicable to cohort availability accounting,False,False,False,RESPONSE42/44 frozen: FULL dies >4.5m AND never re-certifies <=3.5m; no threshold moved
A047,20260717T091239-debf3ec1,20260717T091239-debf3ec1:A1,20260717T092008-phase5b-confirm,phase5b,phase5,confirm,NO_LEGAL_FULL_RATE_ANCHOR,False,current-gate,current replay gate/funnel remains applicable to cohort availability accounting,False,False,False,RESPONSE42/44 frozen: FULL dies >4.5m AND never re-certifies <=3.5m; no threshold moved
A048,20260717T095722-a560c093,20260717T095722-a560c093:A1,20260717T100347-phase5c-ownership,phase5c,phase5,archive,OK,True,current-gate,legal approach under current predicate,False,False,False,RESPONSE42/44 frozen: FULL dies >4.5m AND never re-certifies <=3.5m; no threshold moved
A048,20260717T095722-a560c093,20260717T095722-a560c093:A2,20260717T100347-phase5c-ownership,phase5c,phase5,archive,NO_PARALLEL_SIDE_PRODUCTION,False,era-behavioral,historical behavior/guards partly cured; descriptive only,False,False,False,RESPONSE42/44 frozen: FULL dies >4.5m AND never re-certifies <=3.5m; no threshold moved
A049,20260717T095851-a560c093,20260717T095851-a560c093:A1,20260717T100347-phase5c-ownership,phase5c,phase5,archive,NO_PARALLEL_SIDE_PRODUCTION,False,era-behavioral,historical behavior/guards partly cured; descriptive only,False,False,False,RESPONSE42/44 frozen: FULL dies >4.5m AND never re-certifies <=3.5m; no threshold moved
A049,20260717T095851-a560c093,20260717T095851-a560c093:A2,20260717T100347-phase5c-ownership,phase5c,phase5,archive,FULL_BELOW_3P5_NOT_EZ_USABLE,False,current-gate,current replay gate/funnel remains applicable to cohort availability accounting,False,False,False,RESPONSE42/44 frozen: FULL dies >4.5m AND never re-certifies <=3.5m; no threshold moved
A050,20260717T100017-a560c093,20260717T100017-a560c093:A1,20260717T100347-phase5c-ownership,phase5c,phase5,archive,NO_PARALLEL_SIDE_PRODUCTION,False,era-behavioral,historical behavior/guards partly cured; descriptive only,False,False,False,RESPONSE42/44 frozen: FULL dies >4.5m AND never re-certifies <=3.5m; no threshold moved
A051,20260717T101837-7223cc0c,20260717T101837-7223cc0c:A1,20260717T102447-phase5d-vertical,phase5d,phase5,vertical,OK,True,current-gate,legal approach under current predicate,False,False,False,RESPONSE42/44 frozen: FULL dies >4.5m AND never re-certifies <=3.5m; no threshold moved
A052,20260717T102007-7223cc0c,20260717T102007-7223cc0c:A1,20260717T102447-phase5d-vertical,phase5d,phase5,vertical,OK,True,current-gate,legal approach under current predicate,False,False,False,RESPONSE42/44 frozen: FULL dies >4.5m AND never re-certifies <=3.5m; no threshold moved
A052,20260717T102007-7223cc0c,20260717T102007-7223cc0c:A2,20260717T102447-phase5d-vertical,phase5d,phase5,vertical,NO_CERTIFIED_FULL_BELOW_3P5,False,current-gate,current replay gate/funnel remains applicable to cohort availability accounting,False,False,True,RESPONSE42/44 frozen: FULL dies >4.5m AND never re-certifies <=3.5m; no threshold moved
A053,20260717T102132-7223cc0c,20260717T102132-7223cc0c:A1,20260717T102447-phase5d-vertical,phase5d,phase5,vertical,NO_CERTIFIED_FULL_BELOW_3P5,False,current-gate,current replay gate/funnel remains applicable to cohort availability accounting,False,False,True,RESPONSE42/44 frozen: FULL dies >4.5m AND never re-certifies <=3.5m; no threshold moved
A053,20260717T102132-7223cc0c,20260717T102132-7223cc0c:A2,20260717T102447-phase5d-vertical,phase5d,phase5,vertical,NO_CERTIFIED_FULL_BELOW_3P5,False,current-gate,current replay gate/funnel remains applicable to cohort availability accounting,False,False,True,RESPONSE42/44 frozen: FULL dies >4.5m AND never re-certifies <=3.5m; no threshold moved
A053,20260717T102132-7223cc0c,20260717T102132-7223cc0c:A3,20260717T102447-phase5d-vertical,phase5d,phase5,vertical,NO_CERTIFIED_FULL_BELOW_3P5,False,current-gate,current replay gate/funnel remains applicable to cohort availability accounting,False,False,True,RESPONSE42/44 frozen: FULL dies >4.5m AND never re-certifies <=3.5m; no threshold moved
A054,20260717T142306-7223cc0c,20260717T142306-7223cc0c:A1,20260717T143144-phase5e-shadow,phase5e,phase5,shadow,NO_LEGAL_SIDE_MAINTENANCE_INTERVAL,False,current-gate,current replay gate/funnel remains applicable to cohort availability accounting,False,False,False,RESPONSE42/44 frozen: FULL dies >4.5m AND never re-certifies <=3.5m; no threshold moved
A054,20260717T142306-7223cc0c,20260717T142306-7223cc0c:A2,20260717T143144-phase5e-shadow,phase5e,phase5,shadow,FULL_BELOW_3P5_NOT_EZ_USABLE,False,current-gate,current replay gate/funnel remains applicable to cohort availability accounting,False,False,False,RESPONSE42/44 frozen: FULL dies >4.5m AND never re-certifies <=3.5m; no threshold moved
A055,20260717T142426-7223cc0c,20260717T142426-7223cc0c:A1,20260717T143144-phase5e-shadow,phase5e,phase5,shadow,NO_CERTIFIED_FULL_BELOW_3P5,False,current-gate,current replay gate/funnel remains applicable to cohort availability accounting,False,False,True,RESPONSE42/44 frozen: FULL dies >4.5m AND never re-certifies <=3.5m; no threshold moved
A055,20260717T142426-7223cc0c,20260717T142426-7223cc0c:A2,20260717T143144-phase5e-shadow,phase5e,phase5,shadow,NO_PARALLEL_SIDE_PRODUCTION,False,era-behavioral,historical behavior/guards partly cured; descriptive only,False,False,False,RESPONSE42/44 frozen: FULL dies >4.5m AND never re-certifies <=3.5m; no threshold moved
A056,20260717T142546-7223cc0c,20260717T142546-7223cc0c:A1,20260717T143144-phase5e-shadow,phase5e,phase5,shadow,NO_CERTIFIED_FULL_BELOW_3P5,False,current-gate,current replay gate/funnel remains applicable to cohort availability accounting,False,False,True,RESPONSE42/44 frozen: FULL dies >4.5m AND never re-certifies <=3.5m; no threshold moved
A056,20260717T142546-7223cc0c,20260717T142546-7223cc0c:A2,20260717T143144-phase5e-shadow,phase5e,phase5,shadow,FULL_BELOW_3P5_NOT_EZ_USABLE,False,current-gate,current replay gate/funnel remains applicable to cohort availability accounting,False,False,False,RESPONSE42/44 frozen: FULL dies >4.5m AND never re-certifies <=3.5m; no threshold moved
A057,20260717T151002-a9753343,20260717T151002-a9753343:A1,20260717T152216-phase5f-terminal,phase5f,phase5,archive,OK,True,current-gate,legal approach under current predicate,False,False,False,RESPONSE42/44 frozen: FULL dies >4.5m AND never re-certifies <=3.5m; no threshold moved
A058,20260717T151126-a9753343,20260717T151126-a9753343:A1,20260717T152216-phase5f-terminal,phase5f,phase5,archive,NO_PARALLEL_SIDE_PRODUCTION,False,era-behavioral,historical behavior/guards partly cured; descriptive only,False,False,False,RESPONSE42/44 frozen: FULL dies >4.5m AND never re-certifies <=3.5m; no threshold moved
A059,20260717T151254-e179e097,20260717T151254-e179e097:A1,20260717T152216-phase5f-terminal,phase5f,phase5,archive,NO_PARALLEL_SIDE_PRODUCTION,False,era-behavioral,historical behavior/guards partly cured; descriptive only,False,False,False,RESPONSE42/44 frozen: FULL dies >4.5m AND never re-certifies <=3.5m; no threshold moved
A059,20260717T151254-e179e097,20260717T151254-e179e097:A2,20260717T152216-phase5f-terminal,phase5f,phase5,archive,FULL_BELOW_3P5_NOT_EZ_USABLE,False,current-gate,current replay gate/funnel remains applicable to cohort availability accounting,False,False,False,RESPONSE42/44 frozen: FULL dies >4.5m AND never re-certifies <=3.5m; no threshold moved
A059,20260717T151254-e179e097,20260717T151254-e179e097:A3,20260717T152216-phase5f-terminal,phase5f,phase5,archive,NO_CERTIFIED_FULL_BELOW_3P5,False,current-gate,current replay gate/funnel remains applicable to cohort availability accounting,False,False,True,RESPONSE42/44 frozen: FULL dies >4.5m AND never re-certifies <=3.5m; no threshold moved
A060,20260717T151717-e179e097,20260717T151717-e179e097:A1,20260717T152216-phase5f-terminal,phase5f,phase5,archive,OK,True,current-gate,legal approach under current predicate,False,False,False,RESPONSE42/44 frozen: FULL dies >4.5m AND never re-certifies <=3.5m; no threshold moved
A060,20260717T151717-e179e097,20260717T151717-e179e097:A2,20260717T152216-phase5f-terminal,phase5f,phase5,archive,NO_CERTIFIED_FULL_BELOW_3P5,False,current-gate,current replay gate/funnel remains applicable to cohort availability accounting,False,False,True,RESPONSE42/44 frozen: FULL dies >4.5m AND never re-certifies <=3.5m; no threshold moved
A061,20260717T153048-927a4c97,20260717T153048-927a4c97:A1,20260717T154500-phase6a-control-old,phase6a,phase6,archive,OK,True,current-gate,legal approach under current predicate,False,False,False,RESPONSE42/44 frozen: FULL dies >4.5m AND never re-certifies <=3.5m; no threshold moved
A062,20260717T153307-927a4c97,20260717T153307-927a4c97:A1,20260717T154500-phase6a-control-old,phase6a,phase6,archive,NO_CERTIFIED_FULL_BELOW_3P5,False,current-gate,current replay gate/funnel remains applicable to cohort availability accounting,False,False,True,RESPONSE42/44 frozen: FULL dies >4.5m AND never re-certifies <=3.5m; no threshold moved
A062,20260717T153307-927a4c97,20260717T153307-927a4c97:A2,20260717T154500-phase6a-control-old,phase6a,phase6,archive,FULL_BELOW_3P5_NOT_EZ_USABLE,False,current-gate,current replay gate/funnel remains applicable to cohort availability accounting,False,False,False,RESPONSE42/44 frozen: FULL dies >4.5m AND never re-certifies <=3.5m; no threshold moved
A063,20260717T153748-d946830d,20260717T153748-d946830d:A1,20260717T154501-phase6a-dash,phase6a,phase6,archive,OK,True,current-gate,legal approach under current predicate,False,False,False,RESPONSE42/44 frozen: FULL dies >4.5m AND never re-certifies <=3.5m; no threshold moved
A064,20260717T153903-d946830d,20260717T153903-d946830d:A1,20260717T154501-phase6a-dash,phase6a,phase6,archive,FULL_BELOW_3P5_NOT_EZ_USABLE,False,current-gate,current replay gate/funnel remains applicable to cohort availability accounting,False,False,False,RESPONSE42/44 frozen: FULL dies >4.5m AND never re-certifies <=3.5m; no threshold moved
A064,20260717T153903-d946830d,20260717T153903-d946830d:A2,20260717T154501-phase6a-dash,phase6a,phase6,archive,NO_CERTIFIED_FULL_BELOW_3P5,False,current-gate,current replay gate/funnel remains applicable to cohort availability accounting,False,False,True,RESPONSE42/44 frozen: FULL dies >4.5m AND never re-certifies <=3.5m; no threshold moved
A065,20260719T074950-fab49fbf,20260719T074950-fab49fbf:A1,20260719T080320-phase6b-aligned-dash,phase6b,phase6,aligned-dash,NO_CERTIFIED_FULL_BELOW_3P5,False,current-gate,current replay gate/funnel remains applicable to cohort availability accounting,False,False,True,RESPONSE42/44 frozen: FULL dies >4.5m AND never re-certifies <=3.5m; no threshold moved
A066,20260719T075333-fab49fbf,20260719T075333-fab49fbf:A1,20260719T080320-phase6b-aligned-dash,phase6b,phase6,aligned-dash,NO_CERTIFIED_FULL_BELOW_3P5,False,current-gate,current replay gate/funnel remains applicable to cohort availability accounting,False,False,True,RESPONSE42/44 frozen: FULL dies >4.5m AND never re-certifies <=3.5m; no threshold moved
A066,20260719T075333-fab49fbf,20260719T075333-fab49fbf:A2,20260719T080320-phase6b-aligned-dash,phase6b,phase6,aligned-dash,OK,True,current-gate,legal approach under current predicate,False,False,False,RESPONSE42/44 frozen: FULL dies >4.5m AND never re-certifies <=3.5m; no threshold moved
A067,20260719T080255-fab49fbf,20260719T080255-fab49fbf:A1,20260719T080320-phase6b-aligned-dash,phase6b,phase6,aligned-dash,OK,True,current-gate,legal approach under current predicate,False,False,False,RESPONSE42/44 frozen: FULL dies >4.5m AND never re-certifies <=3.5m; no threshold moved
A067,20260719T080255-fab49fbf,20260719T080255-fab49fbf:A2,20260719T080320-phase6b-aligned-dash,phase6b,phase6,aligned-dash,NO_CERTIFIED_FULL_BELOW_3P5,False,current-gate,current replay gate/funnel remains applicable to cohort availability accounting,False,False,True,RESPONSE42/44 frozen: FULL dies >4.5m AND never re-certifies <=3.5m; no threshold moved
A068,20260719T121141-f186c83e,20260719T121141-f186c83e:A1,20260719T121704-phase6c-true-vertical,phase6c,phase6,vertical,NO_LEGAL_SIDE_MAINTENANCE_INTERVAL,False,current-gate,current replay gate/funnel remains applicable to cohort availability accounting,False,False,False,RESPONSE42/44 frozen: FULL dies >4.5m AND never re-certifies <=3.5m; no threshold moved
A068,20260719T121141-f186c83e,20260719T121141-f186c83e:A2,20260719T121704-phase6c-true-vertical,phase6c,phase6,vertical,NO_PARALLEL_SIDE_PRODUCTION,False,era-behavioral,historical behavior/guards partly cured; descriptive only,False,False,False,RESPONSE42/44 frozen: FULL dies >4.5m AND never re-certifies <=3.5m; no threshold moved
A068,20260719T121141-f186c83e,20260719T121141-f186c83e:A3,20260719T121704-phase6c-true-vertical,phase6c,phase6,vertical,FULL_BELOW_3P5_NOT_EZ_USABLE,False,current-gate,current replay gate/funnel remains applicable to cohort availability accounting,False,False,False,RESPONSE42/44 frozen: FULL dies >4.5m AND never re-certifies <=3.5m; no threshold moved
A069,20260719T121258-f186c83e,20260719T121258-f186c83e:A1,20260719T121704-phase6c-true-vertical,phase6c,phase6,vertical,FULL_BELOW_3P5_NOT_EZ_USABLE,False,current-gate,current replay gate/funnel remains applicable to cohort availability accounting,False,False,False,RESPONSE42/44 frozen: FULL dies >4.5m AND never re-certifies <=3.5m; no threshold moved
A069,20260719T121258-f186c83e,20260719T121258-f186c83e:A2,20260719T121704-phase6c-true-vertical,phase6c,phase6,vertical,NO_CERTIFIED_FULL_BELOW_3P5,False,current-gate,current replay gate/funnel remains applicable to cohort availability accounting,False,False,True,RESPONSE42/44 frozen: FULL dies >4.5m AND never re-certifies <=3.5m; no threshold moved
A070,20260719T121637-f186c83e,20260719T121637-f186c83e:A1,20260719T121704-phase6c-true-vertical,phase6c,phase6,vertical,NO_CERTIFIED_FULL_BELOW_3P5,False,current-gate,current replay gate/funnel remains applicable to cohort availability accounting,False,False,True,RESPONSE42/44 frozen: FULL dies >4.5m AND never re-certifies <=3.5m; no threshold moved
A070,20260719T121637-f186c83e,20260719T121637-f186c83e:A2,20260719T121704-phase6c-true-vertical,phase6c,phase6,vertical,NO_CERTIFIED_FULL_BELOW_3P5,False,current-gate,current replay gate/funnel remains applicable to cohort availability accounting,False,False,True,RESPONSE42/44 frozen: FULL dies >4.5m AND never re-certifies <=3.5m; no threshold moved
A071,20260719T134326-2477345e,20260719T134326-2477345e:A1,20260719T134835-phase6d-fiction-guards,phase6d,phase6,archive,NO_CERTIFIED_FULL_BELOW_3P5,False,current-gate,current replay gate/funnel remains applicable to cohort availability accounting,False,False,True,RESPONSE42/44 frozen: FULL dies >4.5m AND never re-certifies <=3.5m; no threshold moved
A071,20260719T134326-2477345e,20260719T134326-2477345e:A2,20260719T134835-phase6d-fiction-guards,phase6d,phase6,archive,OK,True,current-gate,legal approach under current predicate,False,False,False,RESPONSE42/44 frozen: FULL dies >4.5m AND never re-certifies <=3.5m; no threshold moved
A072,20260719T134446-2477345e,20260719T134446-2477345e:A1,20260719T134835-phase6d-fiction-guards,phase6d,phase6,archive,NO_CERTIFIED_FULL_BELOW_3P5,False,current-gate,current replay gate/funnel remains applicable to cohort availability accounting,False,False,True,RESPONSE42/44 frozen: FULL dies >4.5m AND never re-certifies <=3.5m; no threshold moved
A072,20260719T134446-2477345e,20260719T134446-2477345e:A2,20260719T134835-phase6d-fiction-guards,phase6d,phase6,archive,NO_CERTIFIED_FULL_BELOW_3P5,False,current-gate,current replay gate/funnel remains applicable to cohort availability accounting,False,False,True,RESPONSE42/44 frozen: FULL dies >4.5m AND never re-certifies <=3.5m; no threshold moved
A072,20260719T134446-2477345e,20260719T134446-2477345e:A3,20260719T134835-phase6d-fiction-guards,phase6d,phase6,archive,NO_CERTIFIED_FULL_BELOW_3P5,False,current-gate,current replay gate/funnel remains applicable to cohort availability accounting,False,False,True,RESPONSE42/44 frozen: FULL dies >4.5m AND never re-certifies <=3.5m; no threshold moved
A073,20260719T134714-2477345e,20260719T134714-2477345e:A1,20260719T134835-phase6d-fiction-guards,phase6d,phase6,archive,FULL_BELOW_3P5_NOT_EZ_USABLE,False,current-gate,current replay gate/funnel remains applicable to cohort availability accounting,False,False,False,RESPONSE42/44 frozen: FULL dies >4.5m AND never re-certifies <=3.5m; no threshold moved
A074,20260719T142919-a76247fb,20260719T142919-a76247fb:A1,20260719T143556-phase6e-aim-tfv1,phase6e,phase6,archive,OK,True,current-gate,legal approach under current predicate,False,False,False,RESPONSE42/44 frozen: FULL dies >4.5m AND never re-certifies <=3.5m; no threshold moved
A075,20260719T143404-a76247fb,20260719T143404-a76247fb:A1,20260719T143556-phase6e-aim-tfv1,phase6e,phase6,archive,OK,True,current-gate,legal approach under current predicate,False,False,False,RESPONSE42/44 frozen: FULL dies >4.5m AND never re-certifies <=3.5m; no threshold moved
A076,20260719T143525-a76247fb,20260719T143525-a76247fb:A1,20260719T143556-phase6e-aim-tfv1,phase6e,phase6,archive,NO_CERTIFIED_FULL_BELOW_3P5,False,current-gate,current replay gate/funnel remains applicable to cohort availability accounting,False,False,True,RESPONSE42/44 frozen: FULL dies >4.5m AND never re-certifies <=3.5m; no threshold moved
A076,20260719T143525-a76247fb,20260719T143525-a76247fb:A2,20260719T143556-phase6e-aim-tfv1,phase6e,phase6,archive,NO_CERTIFIED_FULL_BELOW_3P5,False,current-gate,current replay gate/funnel remains applicable to cohort availability accounting,False,False,True,RESPONSE42/44 frozen: FULL dies >4.5m AND never re-certifies <=3.5m; no threshold moved
A076,20260719T143525-a76247fb,20260719T143525-a76247fb:A3,20260719T143556-phase6e-aim-tfv1,phase6e,phase6,archive,FULL_BELOW_3P5_NOT_EZ_USABLE,False,current-gate,current replay gate/funnel remains applicable to cohort availability accounting,False,False,False,RESPONSE42/44 frozen: FULL dies >4.5m AND never re-certifies <=3.5m; no threshold moved
A077,20260719T144540-a76247fb,20260719T144540-a76247fb:A1,20260719T145242-phase6f-repeat,phase6f,phase6,archive,NO_PARALLEL_SIDE_PRODUCTION,False,era-behavioral,historical behavior/guards partly cured; descriptive only,False,False,False,RESPONSE42/44 frozen: FULL dies >4.5m AND never re-certifies <=3.5m; no threshold moved
A077,20260719T144540-a76247fb,20260719T144540-a76247fb:A2,20260719T145242-phase6f-repeat,phase6f,phase6,archive,NO_CERTIFIED_FULL_BELOW_3P5,False,current-gate,current replay gate/funnel remains applicable to cohort availability accounting,False,False,True,RESPONSE42/44 frozen: FULL dies >4.5m AND never re-certifies <=3.5m; no threshold moved
A078,20260719T144941-a76247fb,20260719T144941-a76247fb:A1,20260719T145242-phase6f-repeat,phase6f,phase6,archive,OK,True,current-gate,legal approach under current predicate,False,False,False,RESPONSE42/44 frozen: FULL dies >4.5m AND never re-certifies <=3.5m; no threshold moved
A078,20260719T144941-a76247fb,20260719T144941-a76247fb:A2,20260719T145242-phase6f-repeat,phase6f,phase6,archive,FULL_BELOW_3P5_NOT_EZ_USABLE,False,current-gate,current replay gate/funnel remains applicable to cohort availability accounting,False,False,False,RESPONSE42/44 frozen: FULL dies >4.5m AND never re-certifies <=3.5m; no threshold moved
A078,20260719T144941-a76247fb,20260719T144941-a76247fb:A3,20260719T145242-phase6f-repeat,phase6f,phase6,archive,NO_CERTIFIED_FULL_BELOW_3P5,False,current-gate,current replay gate/funnel remains applicable to cohort availability accounting,False,False,True,RESPONSE42/44 frozen: FULL dies >4.5m AND never re-certifies <=3.5m; no threshold moved
A078,20260719T144941-a76247fb,20260719T144941-a76247fb:A4,20260719T145242-phase6f-repeat,phase6f,phase6,archive,NO_CERTIFIED_FULL_BELOW_3P5,False,current-gate,current replay gate/funnel remains applicable to cohort availability accounting,False,False,True,RESPONSE42/44 frozen: FULL dies >4.5m AND never re-certifies <=3.5m; no threshold moved
A078,20260719T144941-a76247fb,20260719T144941-a76247fb:A5,20260719T145242-phase6f-repeat,phase6f,phase6,archive,NO_CERTIFIED_FULL_BELOW_3P5,False,current-gate,current replay gate/funnel remains applicable to cohort availability accounting,False,False,True,RESPONSE42/44 frozen: FULL dies >4.5m AND never re-certifies <=3.5m; no threshold moved
A078,20260719T144941-a76247fb,20260719T144941-a76247fb:A6,20260719T145242-phase6f-repeat,phase6f,phase6,archive,NO_LEGAL_FULL_RATE_ANCHOR,False,current-gate,current replay gate/funnel remains applicable to cohort availability accounting,False,False,False,RESPONSE42/44 frozen: FULL dies >4.5m AND never re-certifies <=3.5m; no threshold moved
A079,20260719T145122-a76247fb,20260719T145122-a76247fb:A1,20260719T145242-phase6f-repeat,phase6f,phase6,archive,NO_PARALLEL_SIDE_PRODUCTION,False,era-behavioral,historical behavior/guards partly cured; descriptive only,False,False,False,RESPONSE42/44 frozen: FULL dies >4.5m AND never re-certifies <=3.5m; no threshold moved
A079,20260719T145122-a76247fb,20260719T145122-a76247fb:A2,20260719T145242-phase6f-repeat,phase6f,phase6,archive,FULL_BELOW_3P5_NOT_EZ_USABLE,False,current-gate,current replay gate/funnel remains applicable to cohort availability accounting,False,False,False,RESPONSE42/44 frozen: FULL dies >4.5m AND never re-certifies <=3.5m; no threshold moved
A080,20260719T150627-486b0765,20260719T150627-486b0765:A1,20260719T151340-phase6g-terminal-live,phase6g,phase6,terminal-live,OK,True,current-gate,legal approach under current predicate,False,False,False,RESPONSE42/44 frozen: FULL dies >4.5m AND never re-certifies <=3.5m; no threshold moved
A080,20260719T150627-486b0765,20260719T150627-486b0765:A2,20260719T151340-phase6g-terminal-live,phase6g,phase6,terminal-live,NO_CERTIFIED_FULL_BELOW_3P5,False,current-gate,current replay gate/funnel remains applicable to cohort availability accounting,False,False,True,RESPONSE42/44 frozen: FULL dies >4.5m AND never re-certifies <=3.5m; no threshold moved
A081,20260719T151000-486b0765,20260719T151000-486b0765:A1,20260719T151340-phase6g-terminal-live,phase6g,phase6,terminal-live,NO_LEGAL_SIDE_MAINTENANCE_INTERVAL,False,current-gate,current replay gate/funnel remains applicable to cohort availability accounting,False,False,False,RESPONSE42/44 frozen: FULL dies >4.5m AND never re-certifies <=3.5m; no threshold moved
A081,20260719T151000-486b0765,20260719T151000-486b0765:A2,20260719T151340-phase6g-terminal-live,phase6g,phase6,terminal-live,FULL_BELOW_3P5_NOT_EZ_USABLE,False,current-gate,current replay gate/funnel remains applicable to cohort availability accounting,False,False,False,RESPONSE42/44 frozen: FULL dies >4.5m AND never re-certifies <=3.5m; no threshold moved
A081,20260719T151000-486b0765,20260719T151000-486b0765:A3,20260719T151340-phase6g-terminal-live,phase6g,phase6,terminal-live,NO_PARALLEL_SIDE_PRODUCTION,False,era-behavioral,historical behavior/guards partly cured; descriptive only,False,False,False,RESPONSE42/44 frozen: FULL dies >4.5m AND never re-certifies <=3.5m; no threshold moved
A081,20260719T151000-486b0765,20260719T151000-486b0765:A4,20260719T151340-phase6g-terminal-live,phase6g,phase6,terminal-live,NO_CERTIFIED_FULL_BELOW_3P5,False,current-gate,current replay gate/funnel remains applicable to cohort availability accounting,False,False,True,RESPONSE42/44 frozen: FULL dies >4.5m AND never re-certifies <=3.5m; no threshold moved
A082,20260719T151227-49448448,20260719T151227-49448448:A1,20260719T151340-phase6g-terminal-live,phase6g,phase6,terminal-live,NO_CERTIFIED_FULL_BELOW_3P5,False,current-gate,current replay gate/funnel remains applicable to cohort availability accounting,False,False,True,RESPONSE42/44 frozen: FULL dies >4.5m AND never re-certifies <=3.5m; no threshold moved
A082,20260719T151227-49448448,20260719T151227-49448448:A2,20260719T151340-phase6g-terminal-live,phase6g,phase6,terminal-live,NO_CERTIFIED_FULL_BELOW_3P5,False,current-gate,current replay gate/funnel remains applicable to cohort availability accounting,False,False,True,RESPONSE42/44 frozen: FULL dies >4.5m AND never re-certifies <=3.5m; no threshold moved
A082,20260719T151227-49448448,20260719T151227-49448448:A3,20260719T151340-phase6g-terminal-live,phase6g,phase6,terminal-live,NO_CERTIFIED_FULL_BELOW_3P5,False,current-gate,current replay gate/funnel remains applicable to cohort availability accounting,False,False,True,RESPONSE42/44 frozen: FULL dies >4.5m AND never re-certifies <=3.5m; no threshold moved
A083,20260719T154704-f170ead6,20260719T154704-f170ead6:A1,20260719T164956-phase6h-first-enable,phase6h,phase6,first-enable,NO_CERTIFIED_FULL_BELOW_3P5,False,current-gate,current replay gate/funnel remains applicable to cohort availability accounting,False,False,True,RESPONSE42/44 frozen: FULL dies >4.5m AND never re-certifies <=3.5m; no threshold moved
A084,20260719T160537-f170ead6,20260719T160537-f170ead6:A1,20260719T164956-phase6h-first-enable,phase6h,phase6,first-enable,OK,True,current-gate,legal approach under current predicate,False,False,False,RESPONSE42/44 frozen: FULL dies >4.5m AND never re-certifies <=3.5m; no threshold moved
A085,20260719T163649-f170ead6,20260719T163649-f170ead6:A1,20260719T164956-phase6h-first-enable,phase6h,phase6,first-enable,OK,True,current-gate,legal approach under current predicate,False,False,False,RESPONSE42/44 frozen: FULL dies >4.5m AND never re-certifies <=3.5m; no threshold moved
A085,20260719T163649-f170ead6,20260719T163649-f170ead6:A2,20260719T164956-phase6h-first-enable,phase6h,phase6,first-enable,NO_PARALLEL_SIDE_PRODUCTION,False,era-behavioral,historical behavior/guards partly cured; descriptive only,False,False,False,RESPONSE42/44 frozen: FULL dies >4.5m AND never re-certifies <=3.5m; no threshold moved
A085,20260719T163649-f170ead6,20260719T163649-f170ead6:A3,20260719T164956-phase6h-first-enable,phase6h,phase6,first-enable,FULL_BELOW_3P5_NOT_EZ_USABLE,False,current-gate,current replay gate/funnel remains applicable to cohort availability accounting,False,False,False,RESPONSE42/44 frozen: FULL dies >4.5m AND never re-certifies <=3.5m; no threshold moved
A086,20260719T173050-f170ead6,20260719T173050-f170ead6:A1,20260719T173811-phase6i-rate-ab,phase6i,phase6,rate-ab,NO_LEGAL_SIDE_MAINTENANCE_INTERVAL,False,current-gate,current replay gate/funnel remains applicable to cohort availability accounting,False,False,False,RESPONSE42/44 frozen: FULL dies >4.5m AND never re-certifies <=3.5m; no threshold moved
A086,20260719T173050-f170ead6,20260719T173050-f170ead6:A2,20260719T173811-phase6i-rate-ab,phase6i,phase6,rate-ab,NO_CERTIFIED_FULL_BELOW_3P5,False,current-gate,current replay gate/funnel remains applicable to cohort availability accounting,False,False,True,RESPONSE42/44 frozen: FULL dies >4.5m AND never re-certifies <=3.5m; no threshold moved
A087,20260719T173427-50f9dcc8,20260719T173427-50f9dcc8:A1,20260719T173811-phase6i-rate-ab,phase6i,phase6,rate-ab,FULL_BELOW_3P5_NOT_EZ_USABLE,False,current-gate,current replay gate/funnel remains applicable to cohort availability accounting,False,False,False,RESPONSE42/44 frozen: FULL dies >4.5m AND never re-certifies <=3.5m; no threshold moved
A087,20260719T173427-50f9dcc8,20260719T173427-50f9dcc8:A2,20260719T173811-phase6i-rate-ab,phase6i,phase6,rate-ab,NO_CERTIFIED_FULL_BELOW_3P5,False,current-gate,current replay gate/funnel remains applicable to cohort availability accounting,False,False,True,RESPONSE42/44 frozen: FULL dies >4.5m AND never re-certifies <=3.5m; no threshold moved
A087,20260719T173427-50f9dcc8,20260719T173427-50f9dcc8:A3,20260719T173811-phase6i-rate-ab,phase6i,phase6,rate-ab,NO_PARALLEL_SIDE_PRODUCTION,False,era-behavioral,historical behavior/guards partly cured; descriptive only,False,False,False,RESPONSE42/44 frozen: FULL dies >4.5m AND never re-certifies <=3.5m; no threshold moved
A088,20260719T200816-f170ead6,20260719T200816-f170ead6:A1,20260719T204430-phase6i-r-rate-ab,phase6i,phase6,r-rate-ab,OK,True,current-gate,legal approach under current predicate,False,False,False,RESPONSE42/44 frozen: FULL dies >4.5m AND never re-certifies <=3.5m; no threshold moved
A088,20260719T200816-f170ead6,20260719T200816-f170ead6:A2,20260719T204430-phase6i-r-rate-ab,phase6i,phase6,r-rate-ab,NO_LEGAL_FULL_RATE_ANCHOR,False,current-gate,current replay gate/funnel remains applicable to cohort availability accounting,False,False,False,RESPONSE42/44 frozen: FULL dies >4.5m AND never re-certifies <=3.5m; no threshold moved
A089,20260719T201038-50f9dcc8,20260719T201038-50f9dcc8:NO_CLOSE_EPOCH,20260719T204430-phase6i-r-rate-ab,phase6i,phase6,r-rate-ab,NO_CLOSE_FEATURE_EPOCH_LE4P5,False,era-behavioral,historical behavior/guards partly cured; descriptive only,True,True,True,RESPONSE42/44 frozen: FULL dies >4.5m AND never re-certifies <=3.5m; no threshold moved
A090,20260719T201630-f170ead6,20260719T201630-f170ead6:A1,20260719T204430-phase6i-r-rate-ab,phase6i,phase6,r-rate-ab,NO_PARALLEL_SIDE_PRODUCTION,False,era-behavioral,historical behavior/guards partly cured; descriptive only,False,False,False,RESPONSE42/44 frozen: FULL dies >4.5m AND never re-certifies <=3.5m; no threshold moved
A090,20260719T201630-f170ead6,20260719T201630-f170ead6:A2,20260719T204430-phase6i-r-rate-ab,phase6i,phase6,r-rate-ab,NO_CERTIFIED_FULL_BELOW_3P5,False,current-gate,current replay gate/funnel remains applicable to cohort availability accounting,False,False,True,RESPONSE42/44 frozen: FULL dies >4.5m AND never re-certifies <=3.5m; no threshold moved
A090,20260719T201630-f170ead6,20260719T201630-f170ead6:A3,20260719T204430-phase6i-r-rate-ab,phase6i,phase6,r-rate-ab,NO_CERTIFIED_FULL_BELOW_3P5,False,current-gate,current replay gate/funnel remains applicable to cohort availability accounting,False,False,True,RESPONSE42/44 frozen: FULL dies >4.5m AND never re-certifies <=3.5m; no threshold moved
A091,20260719T201851-50f9dcc8,20260719T201851-50f9dcc8:A1,20260719T204430-phase6i-r-rate-ab,phase6i,phase6,r-rate-ab,OK,True,current-gate,legal approach under current predicate,False,False,False,RESPONSE42/44 frozen: FULL dies >4.5m AND never re-certifies <=3.5m; no threshold moved
A091,20260719T201851-50f9dcc8,20260719T201851-50f9dcc8:A2,20260719T204430-phase6i-r-rate-ab,phase6i,phase6,r-rate-ab,NO_PARALLEL_SIDE_PRODUCTION,False,era-behavioral,historical behavior/guards partly cured; descriptive only,False,False,False,RESPONSE42/44 frozen: FULL dies >4.5m AND never re-certifies <=3.5m; no threshold moved
A091,20260719T201851-50f9dcc8,20260719T201851-50f9dcc8:A3,20260719T204430-phase6i-r-rate-ab,phase6i,phase6,r-rate-ab,NO_LEGAL_SIDE_MAINTENANCE_INTERVAL,False,current-gate,current replay gate/funnel remains applicable to cohort availability accounting,False,False,False,RESPONSE42/44 frozen: FULL dies >4.5m AND never re-certifies <=3.5m; no threshold moved
A092,20260719T202445-f170ead6,20260719T202445-f170ead6:A1,20260719T204430-phase6i-r-rate-ab,phase6i,phase6,r-rate-ab,NO_PARALLEL_SIDE_PRODUCTION,False,era-behavioral,historical behavior/guards partly cured; descriptive only,False,False,False,RESPONSE42/44 frozen: FULL dies >4.5m AND never re-certifies <=3.5m; no threshold moved
A092,20260719T202445-f170ead6,20260719T202445-f170ead6:A2,20260719T204430-phase6i-r-rate-ab,phase6i,phase6,r-rate-ab,FULL_BELOW_3P5_NOT_EZ_USABLE,False,current-gate,current replay gate/funnel remains applicable to cohort availability accounting,False,False,False,RESPONSE42/44 frozen: FULL dies >4.5m AND never re-certifies <=3.5m; no threshold moved
A092,20260719T202445-f170ead6,20260719T202445-f170ead6:A3,20260719T204430-phase6i-r-rate-ab,phase6i,phase6,r-rate-ab,NO_CERTIFIED_FULL_BELOW_3P5,False,current-gate,current replay gate/funnel remains applicable to cohort availability accounting,False,False,True,RESPONSE42/44 frozen: FULL dies >4.5m AND never re-certifies <=3.5m; no threshold moved
A092,20260719T202445-f170ead6,20260719T202445-f170ead6:A4,20260719T204430-phase6i-r-rate-ab,phase6i,phase6,r-rate-ab,FULL_BELOW_3P5_NOT_EZ_USABLE,False,current-gate,current replay gate/funnel remains applicable to cohort availability accounting,False,False,False,RESPONSE42/44 frozen: FULL dies >4.5m AND never re-certifies <=3.5m; no threshold moved
A093,20260719T202720-50f9dcc8,20260719T202720-50f9dcc8:A1,20260719T204430-phase6i-r-rate-ab,phase6i,phase6,r-rate-ab,NO_CERTIFIED_FULL_BELOW_3P5,False,current-gate,current replay gate/funnel remains applicable to cohort availability accounting,False,False,True,RESPONSE42/44 frozen: FULL dies >4.5m AND never re-certifies <=3.5m; no threshold moved
A093,20260719T202720-50f9dcc8,20260719T202720-50f9dcc8:A2,20260719T204430-phase6i-r-rate-ab,phase6i,phase6,r-rate-ab,NO_CERTIFIED_FULL_BELOW_3P5,False,current-gate,current replay gate/funnel remains applicable to cohort availability accounting,False,False,True,RESPONSE42/44 frozen: FULL dies >4.5m AND never re-certifies <=3.5m; no threshold moved
A094,20260720T053402-f170ead6,20260720T053402-f170ead6:A1,20260720T054037-phase6j-block-a-cohort-2,phase6j,phase6,block-a,FULL_BELOW_3P5_NOT_EZ_USABLE,False,current-gate,current replay gate/funnel remains applicable to cohort availability accounting,False,False,False,RESPONSE42/44 frozen: FULL dies >4.5m AND never re-certifies <=3.5m; no threshold moved
A095,20260720T053514-5cebc2b2,20260720T053514-5cebc2b2:A1,20260720T054037-phase6j-block-a-cohort-2,phase6j,phase6,block-a,NO_CERTIFIED_FULL_BELOW_3P5,False,current-gate,current replay gate/funnel remains applicable to cohort availability accounting,False,False,True,RESPONSE42/44 frozen: FULL dies >4.5m AND never re-certifies <=3.5m; no threshold moved
A095,20260720T053514-5cebc2b2,20260720T053514-5cebc2b2:A2,20260720T054037-phase6j-block-a-cohort-2,phase6j,phase6,block-a,NO_PARALLEL_SIDE_PRODUCTION,False,era-behavioral,historical behavior/guards partly cured; descriptive only,False,False,False,RESPONSE42/44 frozen: FULL dies >4.5m AND never re-certifies <=3.5m; no threshold moved
A095,20260720T053514-5cebc2b2,20260720T053514-5cebc2b2:A3,20260720T054037-phase6j-block-a-cohort-2,phase6j,phase6,block-a,FULL_BELOW_3P5_NOT_EZ_USABLE,False,current-gate,current replay gate/funnel remains applicable to cohort availability accounting,False,False,False,RESPONSE42/44 frozen: FULL dies >4.5m AND never re-certifies <=3.5m; no threshold moved
A096,20260720T053635-f170ead6,20260720T053635-f170ead6:A1,20260720T054037-phase6j-block-a-cohort-2,phase6j,phase6,block-a,NO_LEGAL_SIDE_MAINTENANCE_INTERVAL,False,current-gate,current replay gate/funnel remains applicable to cohort availability accounting,False,False,False,RESPONSE42/44 frozen: FULL dies >4.5m AND never re-certifies <=3.5m; no threshold moved
A097,20260720T053745-5cebc2b2,20260720T053745-5cebc2b2:A1,20260720T054037-phase6j-block-a-cohort-2,phase6j,phase6,block-a,NO_LEGAL_SIDE_MAINTENANCE_INTERVAL,False,current-gate,current replay gate/funnel remains applicable to cohort availability accounting,False,False,False,RESPONSE42/44 frozen: FULL dies >4.5m AND never re-certifies <=3.5m; no threshold moved
A097,20260720T053745-5cebc2b2,20260720T053745-5cebc2b2:A2,20260720T054037-phase6j-block-a-cohort-2,phase6j,phase6,block-a,FULL_BELOW_3P5_NOT_EZ_USABLE,False,current-gate,current replay gate/funnel remains applicable to cohort availability accounting,False,False,False,RESPONSE42/44 frozen: FULL dies >4.5m AND never re-certifies <=3.5m; no threshold moved
A098,20260720T053905-f170ead6,20260720T053905-f170ead6:A1,20260720T054037-phase6j-block-a-cohort-2,phase6j,phase6,block-a,FULL_BELOW_3P5_NOT_EZ_USABLE,False,current-gate,current replay gate/funnel remains applicable to cohort availability accounting,False,False,False,RESPONSE42/44 frozen: FULL dies >4.5m AND never re-certifies <=3.5m; no threshold moved
A098,20260720T053905-f170ead6,20260720T053905-f170ead6:A2,20260720T054037-phase6j-block-a-cohort-2,phase6j,phase6,block-a,NO_CERTIFIED_FULL_BELOW_3P5,False,current-gate,current replay gate/funnel remains applicable to cohort availability accounting,False,False,True,RESPONSE42/44 frozen: FULL dies >4.5m AND never re-certifies <=3.5m; no threshold moved
A099,20260720T054016-5cebc2b2,20260720T054016-5cebc2b2:A1,20260720T054037-phase6j-block-a-cohort-2,phase6j,phase6,block-a,OK,True,current-gate,legal approach under current predicate,False,False,False,RESPONSE42/44 frozen: FULL dies >4.5m AND never re-certifies <=3.5m; no threshold moved
A100,20260720T062804-c38fd469,20260720T062804-c38fd469:A1,20260720T063618-phase6k-cohort-2-redo,phase6k,phase6,cohort-2,OK,True,current-gate,legal approach under current predicate,False,False,False,RESPONSE42/44 frozen: FULL dies >4.5m AND never re-certifies <=3.5m; no threshold moved
A100,20260720T062804-c38fd469,20260720T062804-c38fd469:A2,20260720T063618-phase6k-cohort-2-redo,phase6k,phase6,cohort-2,FULL_BELOW_3P5_NOT_EZ_USABLE,False,current-gate,current replay gate/funnel remains applicable to cohort availability accounting,False,False,False,RESPONSE42/44 frozen: FULL dies >4.5m AND never re-certifies <=3.5m; no threshold moved
A101,20260720T062921-790186c4,20260720T062921-790186c4:A1,20260720T063618-phase6k-cohort-2-redo,phase6k,phase6,cohort-2,NO_CERTIFIED_FULL_BELOW_3P5,False,current-gate,current replay gate/funnel remains applicable to cohort availability accounting,False,False,True,RESPONSE42/44 frozen: FULL dies >4.5m AND never re-certifies <=3.5m; no threshold moved
A101,20260720T062921-790186c4,20260720T062921-790186c4:A2,20260720T063618-phase6k-cohort-2-redo,phase6k,phase6,cohort-2,NO_PARALLEL_SIDE_PRODUCTION,False,era-behavioral,historical behavior/guards partly cured; descriptive only,False,False,False,RESPONSE42/44 frozen: FULL dies >4.5m AND never re-certifies <=3.5m; no threshold moved
A102,20260720T063042-c38fd469,20260720T063042-c38fd469:A1,20260720T063618-phase6k-cohort-2-redo,phase6k,phase6,cohort-2,NO_CERTIFIED_FULL_BELOW_3P5,False,current-gate,current replay gate/funnel remains applicable to cohort availability accounting,False,False,True,RESPONSE42/44 frozen: FULL dies >4.5m AND never re-certifies <=3.5m; no threshold moved
A103,20260720T063147-790186c4,20260720T063147-790186c4:A1,20260720T063618-phase6k-cohort-2-redo,phase6k,phase6,cohort-2,NO_CERTIFIED_FULL_BELOW_3P5,False,current-gate,current replay gate/funnel remains applicable to cohort availability accounting,False,False,True,RESPONSE42/44 frozen: FULL dies >4.5m AND never re-certifies <=3.5m; no threshold moved
A104,20260720T063258-c38fd469,20260720T063258-c38fd469:A1,20260720T063618-phase6k-cohort-2-redo,phase6k,phase6,cohort-2,NO_CERTIFIED_FULL_BELOW_3P5,False,current-gate,current replay gate/funnel remains applicable to cohort availability accounting,False,False,True,RESPONSE42/44 frozen: FULL dies >4.5m AND never re-certifies <=3.5m; no threshold moved
A104,20260720T063258-c38fd469,20260720T063258-c38fd469:A2,20260720T063618-phase6k-cohort-2-redo,phase6k,phase6,cohort-2,FULL_BELOW_3P5_NOT_EZ_USABLE,False,current-gate,current replay gate/funnel remains applicable to cohort availability accounting,False,False,False,RESPONSE42/44 frozen: FULL dies >4.5m AND never re-certifies <=3.5m; no threshold moved
A105,20260720T063419-790186c4,20260720T063419-790186c4:A1,20260720T063618-phase6k-cohort-2-redo,phase6k,phase6,cohort-2,NO_CERTIFIED_FULL_BELOW_3P5,False,current-gate,current replay gate/funnel remains applicable to cohort availability accounting,False,False,True,RESPONSE42/44 frozen: FULL dies >4.5m AND never re-certifies <=3.5m; no threshold moved
A106,20260720T071008-5b501b4c,20260720T071008-5b501b4c:A1,20260720T071602-phase6l-cohort-3,phase6l,phase6,control,NO_CERTIFIED_FULL_BELOW_3P5,False,current-gate,current replay gate/funnel remains applicable to cohort availability accounting,False,False,True,RESPONSE42/44 frozen: FULL dies >4.5m AND never re-certifies <=3.5m; no threshold moved
A107,20260720T071112-cd18c5fb,20260720T071112-cd18c5fb:A1,20260720T071602-phase6l-cohort-3,phase6l,phase6,terminal_live,OK,True,current-gate,legal approach under current predicate,False,False,False,RESPONSE42/44 frozen: FULL dies >4.5m AND never re-certifies <=3.5m; no threshold moved
A108,20260720T071220-5b501b4c,20260720T071220-5b501b4c:A1,20260720T071602-phase6l-cohort-3,phase6l,phase6,control,NO_CERTIFIED_FULL_BELOW_3P5,False,current-gate,current replay gate/funnel remains applicable to cohort availability accounting,False,False,True,RESPONSE42/44 frozen: FULL dies >4.5m AND never re-certifies <=3.5m; no threshold moved
A108,20260720T071220-5b501b4c,20260720T071220-5b501b4c:A2,20260720T071602-phase6l-cohort-3,phase6l,phase6,control,NO_CERTIFIED_FULL_BELOW_3P5,False,current-gate,current replay gate/funnel remains applicable to cohort availability accounting,False,False,True,RESPONSE42/44 frozen: FULL dies >4.5m AND never re-certifies <=3.5m; no threshold moved
A109,20260720T071333-cd18c5fb,20260720T071333-cd18c5fb:A1,20260720T071602-phase6l-cohort-3,phase6l,phase6,terminal_live,OK,True,current-gate,legal approach under current predicate,False,False,False,RESPONSE42/44 frozen: FULL dies >4.5m AND never re-certifies <=3.5m; no threshold moved
A110,20260720T071439-5b501b4c,20260720T071439-5b501b4c:NO_CLOSE_EPOCH,20260720T071602-phase6l-cohort-3,phase6l,phase6,control,NO_CLOSE_FEATURE_EPOCH_LE4P5,False,era-behavioral,historical behavior/guards partly cured; descriptive only,True,True,True,RESPONSE42/44 frozen: FULL dies >4.5m AND never re-certifies <=3.5m; no threshold moved
A111,20260720T071545-cd18c5fb,20260720T071545-cd18c5fb:A1,20260720T071602-phase6l-cohort-3,phase6l,phase6,terminal_live,NO_LEGAL_SIDE_MAINTENANCE_INTERVAL,False,current-gate,current replay gate/funnel remains applicable to cohort availability accounting,False,False,False,RESPONSE42/44 frozen: FULL dies >4.5m AND never re-certifies <=3.5m; no threshold moved
A112,20260720T133443-9aa0ef5c,20260720T133443-9aa0ef5c:A1,20260720T133508-phase7m-metrology-f1,phase7m,phase7,metrology,NO_CERTIFIED_FULL_BELOW_3P5,False,current-gate,current replay gate/funnel remains applicable to cohort availability accounting,False,False,True,RESPONSE42/44 frozen: FULL dies >4.5m AND never re-certifies <=3.5m; no threshold moved
A113,20260720T134522-9aa0ef5c,20260720T134522-9aa0ef5c:A1,20260720T134548-phase7m-metrology-f2,phase7m,phase7,metrology,NO_LEGAL_SIDE_MAINTENANCE_INTERVAL,False,current-gate,current replay gate/funnel remains applicable to cohort availability accounting,False,False,False,RESPONSE42/44 frozen: FULL dies >4.5m AND never re-certifies <=3.5m; no threshold moved
A113,20260720T134522-9aa0ef5c,20260720T134522-9aa0ef5c:A2,20260720T134548-phase7m-metrology-f2,phase7m,phase7,metrology,NO_PARALLEL_SIDE_PRODUCTION,False,era-behavioral,historical behavior/guards partly cured; descriptive only,False,False,False,RESPONSE42/44 frozen: FULL dies >4.5m AND never re-certifies <=3.5m; no threshold moved
A113,20260720T134522-9aa0ef5c,20260720T134522-9aa0ef5c:A3,20260720T134548-phase7m-metrology-f2,phase7m,phase7,metrology,NO_CERTIFIED_FULL_BELOW_3P5,False,current-gate,current replay gate/funnel remains applicable to cohort availability accounting,False,False,True,RESPONSE42/44 frozen: FULL dies >4.5m AND never re-certifies <=3.5m; no threshold moved
A114,20260720T135008-9aa0ef5c,20260720T135008-9aa0ef5c:A1,20260720T135040-phase7m-metrology-f3,phase7m,phase7,metrology,OK,True,current-gate,legal approach under current predicate,False,False,False,RESPONSE42/44 frozen: FULL dies >4.5m AND never re-certifies <=3.5m; no threshold moved
A115,20260720T142917-9aa0ef5c,20260720T142917-9aa0ef5c:A1,20260720T142941-phase7m-metrology-f4,phase7m,phase7,metrology,NO_CERTIFIED_FULL_BELOW_3P5,False,current-gate,current replay gate/funnel remains applicable to cohort availability accounting,False,False,True,RESPONSE42/44 frozen: FULL dies >4.5m AND never re-certifies <=3.5m; no threshold moved
